TS,CAND,EVENT_ID,CLIENT,JOB_ID,STAGE,TYPE,BY,NOW,HIRE_DATE
2026-08-21 10:16:19.008,1787307378100x677233846882140200,1787307379303x640270304456582300,Parloa,1787138407054x335827605243035650,Contacted,Contacted,Filip Nogowski,Interview 1,
2026-08-21 10:16:19.008,1787307378100x677233846882140200,1787307380579x269021376207239080,Parloa,1787138407054x335827605243035650,Interview 1,Interview 1,Filip Nogowski,Interview 1,
2026-08-21 10:16:19.008,1787307378100x677233846882140200,1787307380272x986664921686204900,Parloa,1787138407054x335827605243035650,Moved to ATS,Offsite,Filip Nogowski,Interview 1,
2026-08-21 10:16:19.008,1787307378100x677233846882140200,1787307379619x779543258856294000,Parloa,1787138407054x335827605243035650,Positive response,Positive Response,Filip Nogowski,Interview 1,
2026-08-21 10:16:19.008,1787307378100x677233846882140200,1787307379958x377991891747773100,Parloa,1787138407054x335827605243035650,Recruiter Screen,Recruiter Screen,Filip Nogowski,Interview 1,
2026-08-21 12:35:05.043,1787315703970x366294419346817000,1787315705326x757868760311402800,Parloa,1787138407054x335827605243035650,Contacted,Contacted,Filip Nogowski,Interview 1,
2026-08-21 12:35:05.043,1787315703970x366294419346817000,1787315707116x448531705464801500,Parloa,1787138407054x335827605243035650,Interview 1,Interview 1,Filip Nogowski,Interview 1,
2026-08-21 12:35:05.043,1787315703970x366294419346817000,1787315706755x485136833138824200,Parloa,1787138407054x335827605243035650,Moved to ATS,Offsite,Filip Nogowski,Interview 1,
2026-08-21 12:35:05.043,1787315703970x366294419346817000,1787315705717x524436613844726700,Parloa,1787138407054x335827605243035650,Positive response,Positive Response,Filip Nogowski,Interview 1,
2026-08-21 12:35:05.043,1787315703970x366294419346817000,1787315706264x396805805792565000,Parloa,1787138407054x335827605243035650,Recruiter Screen,Recruiter Screen,Filip Nogowski,Interview 1,
2026-08-21 12:35:51.775,1787315750767x171685694851776500,1787315752072x151602611221055330,Parloa,1787138407054x335827605243035650,Contacted,Contacted,Filip Nogowski,Interview 1,
2026-08-21 12:35:51.775,1787315750767x171685694851776500,1787315753863x767178689588764900,Parloa,1787138407054x335827605243035650,Interview 1,Interview 1,Filip Nogowski,Interview 1,
2026-08-21 12:35:51.775,1787315750767x171685694851776500,1787315753451x949104340035051900,Parloa,1787138407054x335827605243035650,Moved to ATS,Offsite,Filip Nogowski,Interview 1,
2026-08-21 12:35:51.775,1787315750767x171685694851776500,1787315752528x409308397191270800,Parloa,1787138407054x335827605243035650,Positive response,Positive Response,Filip Nogowski,Interview 1,
2026-08-21 12:35:51.775,1787315750767x171685694851776500,1787315753053x190217690892773500,Parloa,1787138407054x335827605243035650,Recruiter Screen,Recruiter Screen,Filip Nogowski,Interview 1,
2026-08-21 12:37:27.678,1787315846690x933031915428511700,1787315848053x555733225589382500,Parloa,1787138407054x335827605243035650,Contacted,Contacted,Filip Nogowski,Interview 1,
2026-08-21 12:37:27.678,1787315846690x933031915428511700,1787315850168x812557548102433200,Parloa,1787138407054x335827605243035650,Interview 1,Interview 1,Filip Nogowski,Interview 1,
2026-08-21 12:37:27.678,1787315846690x933031915428511700,1787315849663x495993401420977000,Parloa,1787138407054x335827605243035650,Moved to ATS,Offsite,Filip Nogowski,Interview 1,
2026-08-21 12:37:27.678,1787315846690x933031915428511700,1787315848429x524864276615117250,Parloa,1787138407054x335827605243035650,Positive response,Positive Response,Filip Nogowski,Interview 1,
2026-08-21 12:37:27.678,1787315846690x933031915428511700,1787315849170x145318763706698800,Parloa,1787138407054x335827605243035650,Recruiter Screen,Recruiter Screen,Filip Nogowski,Interview 1,
2026-08-21 12:40:40.951,1787316040076x569690005873885200,1787316041225x952927515082340200,Parloa,1787138407054x335827605243035650,Contacted,Contacted,Filip Nogowski,Interview 2,
2026-08-21 12:40:40.951,1787316040076x569690005873885200,1787316042539x367803246545159740,Parloa,1787138407054x335827605243035650,Interview 1,Interview 1,Filip Nogowski,Interview 2,
2026-08-21 12:40:40.951,1787316040076x569690005873885200,1787316042211x546719701727405040,Parloa,1787138407054x335827605243035650,Moved to ATS,Offsite,Filip Nogowski,Interview 2,
2026-08-21 12:40:40.951,1787316040076x569690005873885200,1787316041590x437630112325473800,Parloa,1787138407054x335827605243035650,Positive response,Positive Response,Filip Nogowski,Interview 2,
2026-08-21 12:40:40.951,1787316040076x569690005873885200,1787316041905x994909111433723900,Parloa,1787138407054x335827605243035650,Recruiter Screen,Recruiter Screen,Filip Nogowski,Interview 2,
2026-08-21 12:48:18.302,1787316496996x218548220381626370,1787316498529x955549812748821400,Parloa,1787138407054x335827605243035650,Contacted,Contacted,Filip Nogowski,Interview 1,
2026-08-21 12:48:18.302,1787316496996x218548220381626370,1787316500612x683777932696596200,Parloa,1787138407054x335827605243035650,Interview 1,Interview 1,Filip Nogowski,Interview 1,
2026-08-21 12:48:18.302,1787316496996x218548220381626370,1787316499984x318197367809962560,Parloa,1787138407054x335827605243035650,Moved to ATS,Offsite,Filip Nogowski,Interview 1,
2026-08-21 12:48:18.302,1787316496996x218548220381626370,1787316498961x328181155993205300,Parloa,1787138407054x335827605243035650,Positive response,Positive Response,Filip Nogowski,Interview 1,
2026-08-21 12:48:18.302,1787316496996x218548220381626370,1787316499327x172193920540246300,Parloa,1787138407054x335827605243035650,Recruiter Screen,Recruiter Screen,Filip Nogowski,Interview 1,
2026-08-21 12:50:34.404,1787316633418x365088260645978100,1787316634622x702724617552822100,Parloa,1787138407054x335827605243035650,Contacted,Contacted,Filip Nogowski,Interview 1,
2026-08-21 12:50:34.404,1787316633418x365088260645978100,1787316636193x423888782297065860,Parloa,1787138407054x335827605243035650,Interview 1,Interview 1,Filip Nogowski,Interview 1,
2026-08-21 12:50:34.404,1787316633418x365088260645978100,1787316635851x165935904751823170,Parloa,1787138407054x335827605243035650,Moved to ATS,Offsite,Filip Nogowski,Interview 1,
2026-08-21 12:50:34.404,1787316633418x365088260645978100,1787316635017x156685887673468030,Parloa,1787138407054x335827605243035650,Positive response,Positive Response,Filip Nogowski,Interview 1,
2026-08-21 12:50:34.404,1787316633418x365088260645978100,1787316635542x521774510369436200,Parloa,1787138407054x335827605243035650,Recruiter Screen,Recruiter Screen,Filip Nogowski,Interview 1,
2026-08-21 12:53:03.529,1787316782292x808487496241643500,1787316783878x307561324098498400,Parloa,1787138407054x335827605243035650,Contacted,Contacted,Filip Nogowski,Interview 1,
2026-08-21 12:53:03.529,1787316782292x808487496241643500,1787316785543x646264729454996400,Parloa,1787138407054x335827605243035650,Interview 1,Interview 1,Filip Nogowski,Interview 1,
2026-08-21 12:53:03.529,1787316782292x808487496241643500,1787316784875x812432703207585900,Parloa,1787138407054x335827605243035650,Moved to ATS,Offsite,Filip Nogowski,Interview 1,
2026-08-21 12:53:03.529,1787316782292x808487496241643500,1787316784179x939821963026083800,Parloa,1787138407054x335827605243035650,Positive response,Positive Response,Filip Nogowski,Interview 1,
2026-08-21 12:53:03.529,1787316782292x808487496241643500,1787316784442x879477816270691300,Parloa,1787138407054x335827605243035650,Recruiter Screen,Recruiter Screen,Filip Nogowski,Interview 1,
2026-08-21 12:53:59.909,1787316838947x600135686392643600,1787316840194x673557841803502500,Parloa,1787138407054x335827605243035650,Contacted,Contacted,Filip Nogowski,Interview 1,
2026-08-21 12:53:59.909,1787316838947x600135686392643600,1787316840267x955537927113417900,Parloa,1787138407054x335827605243035650,Interview 1,Interview 1,Filip Nogowski,Interview 1,
2026-08-21 12:53:59.909,1787316838947x600135686392643600,1787316842532x869608575917285100,Parloa,1787138407054x335827605243035650,Interview 1,Interview 1,Filip Nogowski,Interview 1,
2026-08-21 12:53:59.909,1787316838947x600135686392643600,1787316841712x825381529377696300,Parloa,1787138407054x335827605243035650,Moved to ATS,Offsite,Filip Nogowski,Interview 1,
2026-08-21 12:53:59.909,1787316838947x600135686392643600,1787316840444x668397217640780700,Parloa,1787138407054x335827605243035650,Positive response,Positive Response,Filip Nogowski,Interview 1,
2026-08-21 12:53:59.909,1787316838947x600135686392643600,1787316840839x152376278335055740,Parloa,1787138407054x335827605243035650,Recruiter Screen,Recruiter Screen,Filip Nogowski,Interview 1,
2026-08-21 12:55:35.355,1787316934422x293323467592826900,1787316935587x764226970049317600,Parloa,1787138407054x335827605243035650,Contacted,Contacted,Filip Nogowski,Interview 1,
2026-08-21 12:55:35.355,1787316934422x293323467592826900,1787316937350x179754271513963070,Parloa,1787138407054x335827605243035650,Interview 1,Interview 1,Filip Nogowski,Interview 1,
2026-08-21 12:55:35.355,1787316934422x293323467592826900,1787316936964x638321265341882000,Parloa,1787138407054x335827605243035650,Moved to ATS,Offsite,Filip Nogowski,Interview 1,
2026-08-21 12:55:35.355,1787316934422x293323467592826900,1787316935918x937624515215938800,Parloa,1787138407054x335827605243035650,Positive response,Positive Response,Filip Nogowski,Interview 1,
2026-08-21 12:55:35.355,1787316934422x293323467592826900,1787316936475x603547820496636400,Parloa,1787138407054x335827605243035650,Recruiter Screen,Recruiter Screen,Filip Nogowski,Interview 1,
2026-08-24 14:16:03.560,1787580949840x953618086345680000,1787580967602x390541388531673700,AVIV ,1786094117912x748763187480100900,,,Rodrigo Gomes,Sequence,
2026-08-24 14:16:03.560,1787580949840x953618086345680000,1787580967966x468575230471759400,AVIV ,1786094117912x748763187480100900,,,Rodrigo Gomes,Sequence,
2026-08-24 14:16:03.560,1787580949840x953618086345680000,1787580967237x912515542861899600,AVIV ,1786094117912x748763187480100900,Hired,Hired,Rodrigo Gomes,Sequence,
2026-08-24 14:16:03.560,1787580949840x953618086345680000,1787580965386x422113432025295940,AVIV ,1786094117912x748763187480100900,Interview 1,Interview 1,Rodrigo Gomes,Sequence,
2026-08-24 14:16:03.560,1787580949840x953618086345680000,1787580966121x705875348637332600,AVIV ,1786094117912x748763187480100900,Interview 2,Interview 2,Rodrigo Gomes,Sequence,
2026-08-24 14:16:03.560,1787580949840x953618086345680000,1787580966457x163076190481458180,AVIV ,1786094117912x748763187480100900,Interview 3,Interview 3,Rodrigo Gomes,Sequence,
2026-08-24 14:16:03.560,1787580949840x953618086345680000,1787580964981x839771975769217000,AVIV ,1786094117912x748763187480100900,Moved to ATS,Offsite,Rodrigo Gomes,Sequence,
2026-08-24 14:16:03.560,1787580949840x953618086345680000,1787580966877x642220276711732500,AVIV ,1786094117912x748763187480100900,Offer,Offer,Rodrigo Gomes,Sequence,
2026-08-24 14:16:03.560,1787580949840x953618086345680000,1787580963860x810447932020217400,AVIV ,1786094117912x748763187480100900,Positive response,Positive Response,Rodrigo Gomes,Sequence,
2026-08-24 14:16:03.560,1787580949840x953618086345680000,1787580964517x744360954857004900,AVIV ,1786094117912x748763187480100900,Recruiter Screen,Recruiter Screen,Rodrigo Gomes,Sequence,
2026-08-24 14:16:03.560,1787580949840x953618086345680000,1787580965730x817592963701993900,AVIV ,1786094117912x748763187480100900,Technical Interview ,Interview 1,Rodrigo Gomes,Sequence,
2026-08-24 14:17:13.073,1787581028612x780090377955201900,1787581036802x137019243160327870,AVIV ,1786094117912x748763187480100900,,,Rodrigo Gomes,Sequence,
2026-08-24 14:17:13.073,1787581028612x780090377955201900,1787581036293x698301342416348900,AVIV ,1786094117912x748763187480100900,,,Rodrigo Gomes,Sequence,
2026-08-24 14:17:13.073,1787581028612x780090377955201900,1787581036024x338894490339372700,AVIV ,1786094117912x748763187480100900,Hired,Hired,Rodrigo Gomes,Sequence,
2026-08-24 14:17:13.073,1787581028612x780090377955201900,1787581034350x106132804168948000,AVIV ,1786094117912x748763187480100900,Interview 1,Interview 1,Rodrigo Gomes,Sequence,
2026-08-24 14:17:13.073,1787581028612x780090377955201900,1787581034958x898185586266718700,AVIV ,1786094117912x748763187480100900,Interview 2,Interview 2,Rodrigo Gomes,Sequence,
2026-08-24 14:17:13.073,1787581028612x780090377955201900,1787581035378x979795313264977500,AVIV ,1786094117912x748763187480100900,Interview 3,Interview 3,Rodrigo Gomes,Sequence,
2026-08-24 14:17:13.073,1787581028612x780090377955201900,1787581034051x890135366801872500,AVIV ,1786094117912x748763187480100900,Moved to ATS,Offsite,Rodrigo Gomes,Sequence,
2026-08-24 14:17:13.073,1787581028612x780090377955201900,1787581035704x509676708854641200,AVIV ,1786094117912x748763187480100900,Offer,Offer,Rodrigo Gomes,Sequence,
2026-08-24 14:17:13.073,1787581028612x780090377955201900,1787581033277x961327295054719600,AVIV ,1786094117912x748763187480100900,Positive response,Positive Response,Rodrigo Gomes,Sequence,
2026-08-24 14:17:13.073,1787581028612x780090377955201900,1787581033721x590777676574185900,AVIV ,1786094117912x748763187480100900,Recruiter Screen,Recruiter Screen,Rodrigo Gomes,Sequence,
2026-08-24 14:17:13.073,1787581028612x780090377955201900,1787581034664x519199779407950800,AVIV ,1786094117912x748763187480100900,Technical Interview ,Interview 1,Rodrigo Gomes,Sequence,
2026-08-24 14:21:07.153,1787581263015x323501887849934100,1787581271551x161387369883737380,AVIV ,1786094117912x748763187480100900,,,Rodrigo Gomes,Sequence,
2026-08-24 14:21:07.153,1787581263015x323501887849934100,1787581271225x302114297119999500,AVIV ,1786094117912x748763187480100900,,,Rodrigo Gomes,Sequence,
2026-08-24 14:21:07.153,1787581263015x323501887849934100,1787581270787x235923469389206270,AVIV ,1786094117912x748763187480100900,Hired,Hired,Rodrigo Gomes,Sequence,
2026-08-24 14:21:07.153,1787581263015x323501887849934100,1787581268475x811393146150399600,AVIV ,1786094117912x748763187480100900,Interview 1,Interview 1,Rodrigo Gomes,Sequence,
2026-08-24 14:21:07.153,1787581263015x323501887849934100,1787581269409x995330609550017200,AVIV ,1786094117912x748763187480100900,Interview 2,Interview 2,Rodrigo Gomes,Sequence,
2026-08-24 14:21:07.153,1787581263015x323501887849934100,1787581269995x412073644869421760,AVIV ,1786094117912x748763187480100900,Interview 3,Interview 3,Rodrigo Gomes,Sequence,
2026-08-24 14:21:07.153,1787581263015x323501887849934100,1787581268199x827337591856722700,AVIV ,1786094117912x748763187480100900,Moved to ATS,Offsite,Rodrigo Gomes,Sequence,
2026-08-24 14:21:07.153,1787581263015x323501887849934100,1787581270447x522661784938443650,AVIV ,1786094117912x748763187480100900,Offer,Offer,Rodrigo Gomes,Sequence,
2026-08-24 14:21:07.153,1787581263015x323501887849934100,1787581267539x247134232422548500,AVIV ,1786094117912x748763187480100900,Positive response,Positive Response,Rodrigo Gomes,Sequence,
2026-08-24 14:21:07.153,1787581263015x323501887849934100,1787581267857x522323137341280900,AVIV ,1786094117912x748763187480100900,Recruiter Screen,Recruiter Screen,Rodrigo Gomes,Sequence,
2026-08-24 14:21:07.153,1787581263015x323501887849934100,1787581268757x469083666934055230,AVIV ,1786094117912x748763187480100900,Technical Interview ,Interview 1,Rodrigo Gomes,Sequence,
2026-08-24 14:22:56.560,1787581368976x377190459819936260,1787581380537x631975177014537900,AVIV ,1786094117912x748763187480100900,,,Rodrigo Gomes,Sequence,
2026-08-24 14:22:56.560,1787581368976x377190459819936260,1787581380886x455146137795093200,AVIV ,1786094117912x748763187480100900,,,Rodrigo Gomes,Sequence,
2026-08-24 14:22:56.560,1787581368976x377190459819936260,1787581380217x959282124442556300,AVIV ,1786094117912x748763187480100900,Hired,Hired,Rodrigo Gomes,Sequence,
2026-08-24 14:22:56.560,1787581368976x377190459819936260,1787581378247x275222083787604260,AVIV ,1786094117912x748763187480100900,Interview 1,Interview 1,Rodrigo Gomes,Sequence,
2026-08-24 14:22:56.560,1787581368976x377190459819936260,1787581379205x439371105717510700,AVIV ,1786094117912x748763187480100900,Interview 2,Interview 2,Rodrigo Gomes,Sequence,
2026-08-24 14:22:56.560,1787581368976x377190459819936260,1787581379550x211337891537055400,AVIV ,1786094117912x748763187480100900,Interview 3,Interview 3,Rodrigo Gomes,Sequence,
2026-08-24 14:22:56.560,1787581368976x377190459819936260,1787581377924x113351643324227650,AVIV ,1786094117912x748763187480100900,Moved to ATS,Offsite,Rodrigo Gomes,Sequence,
2026-08-24 14:22:56.560,1787581368976x377190459819936260,1787581379935x299351449495328000,AVIV ,1786094117912x748763187480100900,Offer,Offer,Rodrigo Gomes,Sequence,
2026-08-24 14:22:56.560,1787581368976x377190459819936260,1787581377192x407705872943098240,AVIV ,1786094117912x748763187480100900,Positive response,Positive Response,Rodrigo Gomes,Sequence,
2026-08-24 14:22:56.560,1787581368976x377190459819936260,1787581377501x482187790228122600,AVIV ,1786094117912x748763187480100900,Recruiter Screen,Recruiter Screen,Rodrigo Gomes,Sequence,
2026-08-24 14:22:56.560,1787581368976x377190459819936260,1787581378789x264830613285961920,AVIV ,1786094117912x748763187480100900,Technical Interview ,Interview 1,Rodrigo Gomes,Sequence,
2026-08-24 14:28:55.829,1787581731593x529108486744779700,1787581739662x659784206094736800,AVIV ,1786094117912x748763187480100900,,,Rodrigo Gomes,Sequence,
2026-08-24 14:28:55.829,1787581731593x529108486744779700,1787581739113x234546103852235400,AVIV ,1786094117912x748763187480100900,,,Rodrigo Gomes,Sequence,
2026-08-24 14:28:55.829,1787581731593x529108486744779700,1787581738818x615925080889799800,AVIV ,1786094117912x748763187480100900,Hired,Hired,Rodrigo Gomes,Sequence,
2026-08-24 14:28:55.829,1787581731593x529108486744779700,1787581737056x445959397296091140,AVIV ,1786094117912x748763187480100900,Interview 1,Interview 1,Rodrigo Gomes,Sequence,
2026-08-24 14:28:55.829,1787581731593x529108486744779700,1787581737858x776231605403509900,AVIV ,1786094117912x748763187480100900,Interview 2,Interview 2,Rodrigo Gomes,Sequence,
2026-08-24 14:28:55.829,1787581731593x529108486744779700,1787581738265x789458058400341200,AVIV ,1786094117912x748763187480100900,Interview 3,Interview 3,Rodrigo Gomes,Sequence,
2026-08-24 14:28:55.829,1787581731593x529108486744779700,1787581736698x344938897194373440,AVIV ,1786094117912x748763187480100900,Moved to ATS,Offsite,Rodrigo Gomes,Sequence,
2026-08-24 14:28:55.829,1787581731593x529108486744779700,1787581738519x631177655484811000,AVIV ,1786094117912x748763187480100900,Offer,Offer,Rodrigo Gomes,Sequence,
2026-08-24 14:28:55.829,1787581731593x529108486744779700,1787581736019x718455803530091440,AVIV ,1786094117912x748763187480100900,Positive response,Positive Response,Rodrigo Gomes,Sequence,
2026-08-24 14:28:55.829,1787581731593x529108486744779700,1787581736387x453279807240174460,AVIV ,1786094117912x748763187480100900,Recruiter Screen,Recruiter Screen,Rodrigo Gomes,Sequence,
2026-08-24 14:28:55.829,1787581731593x529108486744779700,1787581737350x809784064990264800,AVIV ,1786094117912x748763187480100900,Technical Interview ,Interview 1,Rodrigo Gomes,Sequence,
2026-08-24 14:30:28.580,1787581824550x502572725036851460,1787581834845x745189202129263800,AVIV ,1786094117912x748763187480100900,,,Rodrigo Gomes,Sequence,
2026-08-24 14:30:28.580,1787581824550x502572725036851460,1787581835138x287493163876582300,AVIV ,1786094117912x748763187480100900,,,Rodrigo Gomes,Sequence,
2026-08-24 14:30:28.580,1787581824550x502572725036851460,1787581834379x520096186548695300,AVIV ,1786094117912x748763187480100900,Hired,Hired,Rodrigo Gomes,Sequence,
2026-08-24 14:30:28.580,1787581824550x502572725036851460,1787581831183x806491646924651900,AVIV ,1786094117912x748763187480100900,Interview 1,Interview 1,Rodrigo Gomes,Sequence,
2026-08-24 14:30:28.580,1787581824550x502572725036851460,1787581832904x940314066909911000,AVIV ,1786094117912x748763187480100900,Interview 2,Interview 2,Rodrigo Gomes,Sequence,
2026-08-24 14:30:28.580,1787581824550x502572725036851460,1787581833379x238089976214796320,AVIV ,1786094117912x748763187480100900,Interview 3,Interview 3,Rodrigo Gomes,Sequence,
2026-08-24 14:30:28.580,1787581824550x502572725036851460,1787581830716x836282098281000800,AVIV ,1786094117912x748763187480100900,Moved to ATS,Offsite,Rodrigo Gomes,Sequence,
2026-08-24 14:30:28.580,1787581824550x502572725036851460,1787581833895x358676516521400500,AVIV ,1786094117912x748763187480100900,Offer,Offer,Rodrigo Gomes,Sequence,
2026-08-24 14:30:28.580,1787581824550x502572725036851460,1787581829286x847132325756223500,AVIV ,1786094117912x748763187480100900,Positive response,Positive Response,Rodrigo Gomes,Sequence,
2026-08-24 14:30:28.580,1787581824550x502572725036851460,1787581830416x407424729714786800,AVIV ,1786094117912x748763187480100900,Recruiter Screen,Recruiter Screen,Rodrigo Gomes,Sequence,
2026-08-24 14:30:28.580,1787581824550x502572725036851460,1787581832320x461739183127195500,AVIV ,1786094117912x748763187480100900,Technical Interview ,Interview 1,Rodrigo Gomes,Sequence,
2026-08-24 14:35:18.389,1787582114008x265705916501217660,1787582121962x409353665874696600,AVIV ,1786094117912x748763187480100900,,,Rodrigo Gomes,Sequence,
2026-08-24 14:35:18.389,1787582114008x265705916501217660,1787582121602x887013713370815000,AVIV ,1786094117912x748763187480100900,,,Rodrigo Gomes,Sequence,
2026-08-24 14:35:18.389,1787582114008x265705916501217660,1787582121340x628884545284571500,AVIV ,1786094117912x748763187480100900,Hired,Hired,Rodrigo Gomes,Sequence,
2026-08-24 14:35:18.389,1787582114008x265705916501217660,1787582119795x395071030547843300,AVIV ,1786094117912x748763187480100900,Interview 1,Interview 1,Rodrigo Gomes,Sequence,
2026-08-24 14:35:18.389,1787582114008x265705916501217660,1787582120360x579026974746097400,AVIV ,1786094117912x748763187480100900,Interview 2,Interview 2,Rodrigo Gomes,Sequence,
2026-08-24 14:35:18.389,1787582114008x265705916501217660,1787582120595x429262199206047200,AVIV ,1786094117912x748763187480100900,Interview 3,Interview 3,Rodrigo Gomes,Sequence,
2026-08-24 14:35:18.389,1787582114008x265705916501217660,1787582119511x325267561954491300,AVIV ,1786094117912x748763187480100900,Moved to ATS,Offsite,Rodrigo Gomes,Sequence,
2026-08-24 14:35:18.389,1787582114008x265705916501217660,1787582121010x562750839450714800,AVIV ,1786094117912x748763187480100900,Offer,Offer,Rodrigo Gomes,Sequence,
2026-08-24 14:35:18.389,1787582114008x265705916501217660,1787582118575x229281118452386180,AVIV ,1786094117912x748763187480100900,Positive response,Positive Response,Rodrigo Gomes,Sequence,
2026-08-24 14:35:18.389,1787582114008x265705916501217660,1787582119065x576367769138175200,AVIV ,1786094117912x748763187480100900,Recruiter Screen,Recruiter Screen,Rodrigo Gomes,Sequence,
2026-08-24 14:35:18.389,1787582114008x265705916501217660,1787582120079x146954904691303680,AVIV ,1786094117912x748763187480100900,Technical Interview ,Interview 1,Rodrigo Gomes,Sequence,
2026-08-24 14:36:50.510,1787582206172x660297367643838400,1787582214681x974376411532346800,AVIV ,1786094117912x748763187480100900,,,Rodrigo Gomes,Sequence,
2026-08-24 14:36:50.510,1787582206172x660297367643838400,1787582214274x203182944934670270,AVIV ,1786094117912x748763187480100900,,,Rodrigo Gomes,Sequence,
2026-08-24 14:36:50.510,1787582206172x660297367643838400,1787582213948x296685374365833300,AVIV ,1786094117912x748763187480100900,Hired,Hired,Rodrigo Gomes,Sequence,
2026-08-24 14:36:50.510,1787582206172x660297367643838400,1787582211953x149799383323522720,AVIV ,1786094117912x748763187480100900,Interview 1,Interview 1,Rodrigo Gomes,Sequence,
2026-08-24 14:36:50.510,1787582206172x660297367643838400,1787582212687x508901961944267650,AVIV ,1786094117912x748763187480100900,Interview 2,Interview 2,Rodrigo Gomes,Sequence,
2026-08-24 14:36:50.510,1787582206172x660297367643838400,1787582213346x489924203594960450,AVIV ,1786094117912x748763187480100900,Interview 3,Interview 3,Rodrigo Gomes,Sequence,
2026-08-24 14:36:50.510,1787582206172x660297367643838400,1787582211617x553780543953554370,AVIV ,1786094117912x748763187480100900,Moved to ATS,Offsite,Rodrigo Gomes,Sequence,
2026-08-24 14:36:50.510,1787582206172x660297367643838400,1787582213672x251237411526351580,AVIV ,1786094117912x748763187480100900,Offer,Offer,Rodrigo Gomes,Sequence,
2026-08-24 14:36:50.510,1787582206172x660297367643838400,1787582210773x123257369177640620,AVIV ,1786094117912x748763187480100900,Positive response,Positive Response,Rodrigo Gomes,Sequence,
2026-08-24 14:36:50.510,1787582206172x660297367643838400,1787582211187x437257214023018200,AVIV ,1786094117912x748763187480100900,Recruiter Screen,Recruiter Screen,Rodrigo Gomes,Sequence,
2026-08-24 14:36:50.510,1787582206172x660297367643838400,1787582212337x217764831201527900,AVIV ,1786094117912x748763187480100900,Technical Interview ,Interview 1,Rodrigo Gomes,Sequence,
2026-08-24 14:42:06.872,1787582516578x648387953760663200,1787582531974x106799187289588590,AVIV ,1786094117912x748763187480100900,,,Rodrigo Gomes,Sequence,
2026-08-24 14:42:06.872,1787582516578x648387953760663200,1787582531294x641670194018300100,AVIV ,1786094117912x748763187480100900,,,Rodrigo Gomes,Sequence,
2026-08-24 14:42:06.872,1787582516578x648387953760663200,1787582530622x372534561979713800,AVIV ,1786094117912x748763187480100900,Hired,Hired,Rodrigo Gomes,Sequence,
2026-08-24 14:42:06.872,1787582516578x648387953760663200,1787582528592x815977473128894700,AVIV ,1786094117912x748763187480100900,Interview 1,Interview 1,Rodrigo Gomes,Sequence,
2026-08-24 14:42:06.872,1787582516578x648387953760663200,1787582529707x128211338973491800,AVIV ,1786094117912x748763187480100900,Interview 2,Interview 2,Rodrigo Gomes,Sequence,
2026-08-24 14:42:06.872,1787582516578x648387953760663200,1787582529978x770581968859286300,AVIV ,1786094117912x748763187480100900,Interview 3,Interview 3,Rodrigo Gomes,Sequence,
2026-08-24 14:42:06.872,1787582516578x648387953760663200,1787582527918x555094887187926000,AVIV ,1786094117912x748763187480100900,Moved to ATS,Offsite,Rodrigo Gomes,Sequence,
2026-08-24 14:42:06.872,1787582516578x648387953760663200,1787582530313x567784603512615300,AVIV ,1786094117912x748763187480100900,Offer,Offer,Rodrigo Gomes,Sequence,
2026-08-24 14:42:06.872,1787582516578x648387953760663200,1787582527101x580883273738316000,AVIV ,1786094117912x748763187480100900,Positive response,Positive Response,Rodrigo Gomes,Sequence,
2026-08-24 14:42:06.872,1787582516578x648387953760663200,1787582527460x695829845574894100,AVIV ,1786094117912x748763187480100900,Recruiter Screen,Recruiter Screen,Rodrigo Gomes,Sequence,
2026-08-24 14:42:06.872,1787582516578x648387953760663200,1787582529338x421408212195520260,AVIV ,1786094117912x748763187480100900,Technical Interview ,Interview 1,Rodrigo Gomes,Sequence,
2026-08-24 14:47:49.639,1787582865361x611699757315570000,1787582873709x240021801671919330,AVIV ,1786094117912x748763187480100900,,,Rodrigo Gomes,Sequence,
2026-08-24 14:47:49.639,1787582865361x611699757315570000,1787582874240x608921784735277000,AVIV ,1786094117912x748763187480100900,,,Rodrigo Gomes,Sequence,
2026-08-24 14:47:49.639,1787582865361x611699757315570000,1787582873333x996625101356606300,AVIV ,1786094117912x748763187480100900,Hired,Hired,Rodrigo Gomes,Sequence,
2026-08-24 14:47:49.639,1787582865361x611699757315570000,1787582871059x325445636673108200,AVIV ,1786094117912x748763187480100900,Interview 1,Interview 1,Rodrigo Gomes,Sequence,
2026-08-24 14:47:49.639,1787582865361x611699757315570000,1787582872111x610121088406016300,AVIV ,1786094117912x748763187480100900,Interview 2,Interview 2,Rodrigo Gomes,Sequence,
2026-08-24 14:47:49.639,1787582865361x611699757315570000,1787582872467x314278094985676900,AVIV ,1786094117912x748763187480100900,Interview 3,Interview 3,Rodrigo Gomes,Sequence,
2026-08-24 14:47:49.639,1787582865361x611699757315570000,1787582870732x878527076668875100,AVIV ,1786094117912x748763187480100900,Moved to ATS,Offsite,Rodrigo Gomes,Sequence,
2026-08-24 14:47:49.639,1787582865361x611699757315570000,1787582873017x345288214928739700,AVIV ,1786094117912x748763187480100900,Offer,Offer,Rodrigo Gomes,Sequence,
2026-08-24 14:47:49.639,1787582865361x611699757315570000,1787582869945x111180741788057920,AVIV ,1786094117912x748763187480100900,Positive response,Positive Response,Rodrigo Gomes,Sequence,
2026-08-24 14:47:49.639,1787582865361x611699757315570000,1787582870388x433256492745487360,AVIV ,1786094117912x748763187480100900,Recruiter Screen,Recruiter Screen,Rodrigo Gomes,Sequence,
2026-08-24 14:47:49.639,1787582865361x611699757315570000,1787582871518x160446414643095700,AVIV ,1786094117912x748763187480100900,Technical Interview ,Interview 1,Rodrigo Gomes,Sequence,
2026-08-24 14:49:33.509,1787582969346x913501348670369400,1787582977867x684491847704822000,AVIV ,1786094117912x748763187480100900,,,Rodrigo Gomes,Sequence,
2026-08-24 14:49:33.509,1787582969346x913501348670369400,1787582977613x497685075430420300,AVIV ,1786094117912x748763187480100900,,,Rodrigo Gomes,Sequence,
2026-08-24 14:49:33.509,1787582969346x913501348670369400,1787582977271x462331677444297800,AVIV ,1786094117912x748763187480100900,Hired,Hired,Rodrigo Gomes,Sequence,
2026-08-24 14:49:33.509,1787582969346x913501348670369400,1787582975070x361441180420392060,AVIV ,1786094117912x748763187480100900,Interview 1,Interview 1,Rodrigo Gomes,Sequence,
2026-08-24 14:49:33.509,1787582969346x913501348670369400,1787582976071x470090877135209000,AVIV ,1786094117912x748763187480100900,Interview 2,Interview 2,Rodrigo Gomes,Sequence,
2026-08-24 14:49:33.509,1787582969346x913501348670369400,1787582976412x397002275349531700,AVIV ,1786094117912x748763187480100900,Interview 3,Interview 3,Rodrigo Gomes,Sequence,
2026-08-24 14:49:33.509,1787582969346x913501348670369400,1787582974556x711180656619041900,AVIV ,1786094117912x748763187480100900,Moved to ATS,Offsite,Rodrigo Gomes,Sequence,
2026-08-24 14:49:33.509,1787582969346x913501348670369400,1787582976822x430823937536488800,AVIV ,1786094117912x748763187480100900,Offer,Offer,Rodrigo Gomes,Sequence,
2026-08-24 14:49:33.509,1787582969346x913501348670369400,1787582973795x214617849473963700,AVIV ,1786094117912x748763187480100900,Positive response,Positive Response,Rodrigo Gomes,Sequence,
2026-08-24 14:49:33.509,1787582969346x913501348670369400,1787582974236x908974307103892500,AVIV ,1786094117912x748763187480100900,Recruiter Screen,Recruiter Screen,Rodrigo Gomes,Sequence,
2026-08-24 14:49:33.509,1787582969346x913501348670369400,1787582975667x848875831482843500,AVIV ,1786094117912x748763187480100900,Technical Interview ,Interview 1,Rodrigo Gomes,Sequence,
2026-08-24 14:57:24.808,1787583437984x324945387252986200,1787583448954x235288360843240800,AVIV ,1786094117912x748763187480100900,,,Rodrigo Gomes,Sequence,
2026-08-24 14:57:24.808,1787583437984x324945387252986200,1787583449367x871609302348046000,AVIV ,1786094117912x748763187480100900,,,Rodrigo Gomes,Sequence,
2026-08-24 14:57:24.808,1787583437984x324945387252986200,1787583448486x739923607541358000,AVIV ,1786094117912x748763187480100900,Hired,Hired,Rodrigo Gomes,Sequence,
2026-08-24 14:57:24.808,1787583437984x324945387252986200,1787583446440x904129668260385400,AVIV ,1786094117912x748763187480100900,Interview 1,Interview 1,Rodrigo Gomes,Sequence,
2026-08-24 14:57:24.808,1787583437984x324945387252986200,1787583447098x241913379594989470,AVIV ,1786094117912x748763187480100900,Interview 2,Interview 2,Rodrigo Gomes,Sequence,
2026-08-24 14:57:24.808,1787583437984x324945387252986200,1787583447518x947162394709919000,AVIV ,1786094117912x748763187480100900,Interview 3,Interview 3,Rodrigo Gomes,Sequence,
2026-08-24 14:57:24.808,1787583437984x324945387252986200,1787583445995x349836926267157440,AVIV ,1786094117912x748763187480100900,Moved to ATS,Offsite,Rodrigo Gomes,Sequence,
2026-08-24 14:57:24.808,1787583437984x324945387252986200,1787583448033x166299805801172200,AVIV ,1786094117912x748763187480100900,Offer,Offer,Rodrigo Gomes,Sequence,
2026-08-24 14:57:24.808,1787583437984x324945387252986200,1787583445163x803345781879853000,AVIV ,1786094117912x748763187480100900,Positive response,Positive Response,Rodrigo Gomes,Sequence,
2026-08-24 14:57:24.808,1787583437984x324945387252986200,1787583445556x326911286225614700,AVIV ,1786094117912x748763187480100900,Recruiter Screen,Recruiter Screen,Rodrigo Gomes,Sequence,
2026-08-24 14:57:24.808,1787583437984x324945387252986200,1787583446784x180477821288774340,AVIV ,1786094117912x748763187480100900,Technical Interview ,Interview 1,Rodrigo Gomes,Sequence,
2026-08-24 14:59:42.706,1787583579306x274753278542942940,1787583587029x107452016509284700,AVIV ,1786094117912x748763187480100900,,,Rodrigo Gomes,Sequence,
2026-08-24 14:59:42.706,1787583579306x274753278542942940,1787583587517x827344924621795000,AVIV ,1786094117912x748763187480100900,,,Rodrigo Gomes,Sequence,
2026-08-24 14:59:42.706,1787583579306x274753278542942940,1787583586654x653711956962818400,AVIV ,1786094117912x748763187480100900,Hired,Hired,Rodrigo Gomes,Sequence,
2026-08-24 14:59:42.706,1787583579306x274753278542942940,1787583584164x540112670893677200,AVIV ,1786094117912x748763187480100900,Interview 1,Interview 1,Rodrigo Gomes,Sequence,
2026-08-24 14:59:42.706,1787583579306x274753278542942940,1787583585460x239061933529453920,AVIV ,1786094117912x748763187480100900,Interview 2,Interview 2,Rodrigo Gomes,Sequence,
2026-08-24 14:59:42.706,1787583579306x274753278542942940,1787583586072x276478837878689100,AVIV ,1786094117912x748763187480100900,Interview 3,Interview 3,Rodrigo Gomes,Sequence,
2026-08-24 14:59:42.706,1787583579306x274753278542942940,1787583583803x339429041416019000,AVIV ,1786094117912x748763187480100900,Moved to ATS,Offsite,Rodrigo Gomes,Sequence,
2026-08-24 14:59:42.706,1787583579306x274753278542942940,1787583586397x503993355950513840,AVIV ,1786094117912x748763187480100900,Offer,Offer,Rodrigo Gomes,Sequence,
2026-08-24 14:59:42.706,1787583579306x274753278542942940,1787583583233x640437288633872300,AVIV ,1786094117912x748763187480100900,Positive response,Positive Response,Rodrigo Gomes,Sequence,
2026-08-24 14:59:42.706,1787583579306x274753278542942940,1787583583571x697707404579139800,AVIV ,1786094117912x748763187480100900,Recruiter Screen,Recruiter Screen,Rodrigo Gomes,Sequence,
2026-08-24 14:59:42.706,1787583579306x274753278542942940,1787583584698x237332455575127260,AVIV ,1786094117912x748763187480100900,Technical Interview ,Interview 1,Rodrigo Gomes,Sequence,
2026-08-24 15:01:10.928,1787583665477x680841257138197000,1787583675850x106340591749965340,AVIV ,1786094117912x748763187480100900,,,Rodrigo Gomes,Sequence,
2026-08-24 15:01:10.928,1787583665477x680841257138197000,1787583676300x825981300912027100,AVIV ,1786094117912x748763187480100900,,,Rodrigo Gomes,Sequence,
2026-08-24 15:01:10.928,1787583665477x680841257138197000,1787583675616x865799206502068100,AVIV ,1786094117912x748763187480100900,Hired,Hired,Rodrigo Gomes,Sequence,
2026-08-24 15:01:10.928,1787583665477x680841257138197000,1787583672381x408033518867674240,AVIV ,1786094117912x748763187480100900,Interview 1,Interview 1,Rodrigo Gomes,Sequence,
2026-08-24 15:01:10.928,1787583665477x680841257138197000,1787583673021x959023857761607200,AVIV ,1786094117912x748763187480100900,Interview 2,Interview 2,Rodrigo Gomes,Sequence,
2026-08-24 15:01:10.928,1787583665477x680841257138197000,1787583673563x769774595413168000,AVIV ,1786094117912x748763187480100900,Interview 3,Interview 3,Rodrigo Gomes,Sequence,
2026-08-24 15:01:10.928,1787583665477x680841257138197000,1787583671840x986591072103844000,AVIV ,1786094117912x748763187480100900,Moved to ATS,Offsite,Rodrigo Gomes,Sequence,
2026-08-24 15:01:10.928,1787583665477x680841257138197000,1787583674371x402845144808750200,AVIV ,1786094117912x748763187480100900,Offer,Offer,Rodrigo Gomes,Sequence,
2026-08-24 15:01:10.928,1787583665477x680841257138197000,1787583671167x155340958218283420,AVIV ,1786094117912x748763187480100900,Positive response,Positive Response,Rodrigo Gomes,Sequence,
2026-08-24 15:01:10.928,1787583665477x680841257138197000,1787583671480x276435065672781860,AVIV ,1786094117912x748763187480100900,Recruiter Screen,Recruiter Screen,Rodrigo Gomes,Sequence,
2026-08-24 15:01:10.928,1787583665477x680841257138197000,1787583672726x328514817590114940,AVIV ,1786094117912x748763187480100900,Technical Interview ,Interview 1,Rodrigo Gomes,Sequence,
2026-08-24 15:02:19.054,1787583735483x431377008299672200,1787583742471x760880915519065900,AVIV ,1786094117912x748763187480100900,,,Rodrigo Gomes,Sequence,
2026-08-24 15:02:19.054,1787583735483x431377008299672200,1787583742855x496866325335656500,AVIV ,1786094117912x748763187480100900,,,Rodrigo Gomes,Sequence,
2026-08-24 15:02:19.054,1787583735483x431377008299672200,1787583742222x242021157933126620,AVIV ,1786094117912x748763187480100900,Hired,Hired,Rodrigo Gomes,Sequence,
2026-08-24 15:02:19.054,1787583735483x431377008299672200,1787583740600x517968123347053000,AVIV ,1786094117912x748763187480100900,Interview 1,Interview 1,Rodrigo Gomes,Sequence,
2026-08-24 15:02:19.054,1787583735483x431377008299672200,1787583741206x908169664172788600,AVIV ,1786094117912x748763187480100900,Interview 2,Interview 2,Rodrigo Gomes,Sequence,
2026-08-24 15:02:19.054,1787583735483x431377008299672200,1787583741524x283282449271232030,AVIV ,1786094117912x748763187480100900,Interview 3,Interview 3,Rodrigo Gomes,Sequence,
2026-08-24 15:02:19.054,1787583735483x431377008299672200,1787583740185x173046277264505600,AVIV ,1786094117912x748763187480100900,Moved to ATS,Offsite,Rodrigo Gomes,Sequence,
2026-08-24 15:02:19.054,1787583735483x431377008299672200,1787583741836x111759626013259840,AVIV ,1786094117912x748763187480100900,Offer,Offer,Rodrigo Gomes,Sequence,
2026-08-24 15:02:19.054,1787583735483x431377008299672200,1787583739435x188843377019549900,AVIV ,1786094117912x748763187480100900,Positive response,Positive Response,Rodrigo Gomes,Sequence,
2026-08-24 15:02:19.054,1787583735483x431377008299672200,1787583739741x821158566651070000,AVIV ,1786094117912x748763187480100900,Recruiter Screen,Recruiter Screen,Rodrigo Gomes,Sequence,
2026-08-24 15:02:19.054,1787583735483x431377008299672200,1787583740896x870713040399215100,AVIV ,1786094117912x748763187480100900,Technical Interview ,Interview 1,Rodrigo Gomes,Sequence,
2026-08-24 15:04:58.346,1787583893557x275596076808880320,1787583902613x580008040480931600,AVIV ,1786094117912x748763187480100900,,,Rodrigo Gomes,Sequence,
2026-08-24 15:04:58.346,1787583893557x275596076808880320,1787583902963x899353203743652500,AVIV ,1786094117912x748763187480100900,,,Rodrigo Gomes,Sequence,
2026-08-24 15:04:58.346,1787583893557x275596076808880320,1787583902176x157395944886555840,AVIV ,1786094117912x748763187480100900,Hired,Hired,Rodrigo Gomes,Sequence,
2026-08-24 15:04:58.346,1787583893557x275596076808880320,1787583900183x220296431473584480,AVIV ,1786094117912x748763187480100900,Interview 1,Interview 1,Rodrigo Gomes,Sequence,
2026-08-24 15:04:58.346,1787583893557x275596076808880320,1787583900885x580218779541325200,AVIV ,1786094117912x748763187480100900,Interview 2,Interview 2,Rodrigo Gomes,Sequence,
2026-08-24 15:04:58.346,1787583893557x275596076808880320,1787583901352x133342100358008860,AVIV ,1786094117912x748763187480100900,Interview 3,Interview 3,Rodrigo Gomes,Sequence,
2026-08-24 15:04:58.346,1787583893557x275596076808880320,1787583899628x998989818310546600,AVIV ,1786094117912x748763187480100900,Moved to ATS,Offsite,Rodrigo Gomes,Sequence,
2026-08-24 15:04:58.346,1787583893557x275596076808880320,1787583901656x300217449496903400,AVIV ,1786094117912x748763187480100900,Offer,Offer,Rodrigo Gomes,Sequence,
2026-08-24 15:04:58.346,1787583893557x275596076808880320,1787583898599x451257655062245800,AVIV ,1786094117912x748763187480100900,Positive response,Positive Response,Rodrigo Gomes,Sequence,
2026-08-24 15:04:58.346,1787583893557x275596076808880320,1787583899084x958016263964427400,AVIV ,1786094117912x748763187480100900,Recruiter Screen,Recruiter Screen,Rodrigo Gomes,Sequence,
2026-08-24 15:04:58.346,1787583893557x275596076808880320,1787583900637x158598274770107600,AVIV ,1786094117912x748763187480100900,Technical Interview ,Interview 1,Rodrigo Gomes,Sequence,
2026-08-24 15:12:19.333,1787584334350x527258296779677060,1787584344888x416260332820730400,AVIV ,1786094117912x748763187480100900,,,Rodrigo Gomes,Sequence,
2026-08-24 15:12:19.333,1787584334350x527258296779677060,1787584344027x130728666184851680,AVIV ,1786094117912x748763187480100900,,,Rodrigo Gomes,Sequence,
2026-08-24 15:12:19.333,1787584334350x527258296779677060,1787584343422x536508270553024000,AVIV ,1786094117912x748763187480100900,Hired,Hired,Rodrigo Gomes,Sequence,
2026-08-24 15:12:19.333,1787584334350x527258296779677060,1787584341027x904691458886927200,AVIV ,1786094117912x748763187480100900,Interview 1,Interview 1,Rodrigo Gomes,Sequence,
2026-08-24 15:12:19.333,1787584334350x527258296779677060,1787584341877x849519138526423600,AVIV ,1786094117912x748763187480100900,Interview 2,Interview 2,Rodrigo Gomes,Sequence,
2026-08-24 15:12:19.333,1787584334350x527258296779677060,1787584342564x387451541980699000,AVIV ,1786094117912x748763187480100900,Interview 3,Interview 3,Rodrigo Gomes,Sequence,
2026-08-24 15:12:19.333,1787584334350x527258296779677060,1787584340442x410339814653130500,AVIV ,1786094117912x748763187480100900,Moved to ATS,Offsite,Rodrigo Gomes,Sequence,
2026-08-24 15:12:19.333,1787584334350x527258296779677060,1787584342996x261061075317736260,AVIV ,1786094117912x748763187480100900,Offer,Offer,Rodrigo Gomes,Sequence,
2026-08-24 15:12:19.333,1787584334350x527258296779677060,1787584339630x282489962651061540,AVIV ,1786094117912x748763187480100900,Positive response,Positive Response,Rodrigo Gomes,Sequence,
2026-08-24 15:12:19.333,1787584334350x527258296779677060,1787584339989x379473530128557900,AVIV ,1786094117912x748763187480100900,Recruiter Screen,Recruiter Screen,Rodrigo Gomes,Sequence,
2026-08-24 15:12:19.333,1787584334350x527258296779677060,1787584341475x672016190909417100,AVIV ,1786094117912x748763187480100900,Technical Interview ,Interview 1,Rodrigo Gomes,Sequence,
2026-08-24 15:18:17.174,1787584693383x563619861047675460,1787584701209x868667131102644100,AVIV ,1786094117912x748763187480100900,,,Rodrigo Gomes,Sequence,
2026-08-24 15:18:17.174,1787584693383x563619861047675460,1787584701477x769258783615867100,AVIV ,1786094117912x748763187480100900,,,Rodrigo Gomes,Sequence,
2026-08-24 15:18:17.174,1787584693383x563619861047675460,1787584700825x138625015713800300,AVIV ,1786094117912x748763187480100900,Hired,Hired,Rodrigo Gomes,Sequence,
2026-08-24 15:18:17.174,1787584693383x563619861047675460,1787584698810x524775571518867400,AVIV ,1786094117912x748763187480100900,Interview 1,Interview 1,Rodrigo Gomes,Sequence,
2026-08-24 15:18:17.174,1787584693383x563619861047675460,1787584699724x215510422493126370,AVIV ,1786094117912x748763187480100900,Interview 2,Interview 2,Rodrigo Gomes,Sequence,
2026-08-24 15:18:17.174,1787584693383x563619861047675460,1787584700159x649763701023850600,AVIV ,1786094117912x748763187480100900,Interview 3,Interview 3,Rodrigo Gomes,Sequence,
2026-08-24 15:18:17.174,1787584693383x563619861047675460,1787584698364x618252217424257300,AVIV ,1786094117912x748763187480100900,Moved to ATS,Offsite,Rodrigo Gomes,Sequence,
2026-08-24 15:18:17.174,1787584693383x563619861047675460,1787584700537x764475493051122200,AVIV ,1786094117912x748763187480100900,Offer,Offer,Rodrigo Gomes,Sequence,
2026-08-24 15:18:17.174,1787584693383x563619861047675460,1787584697432x312056763543896900,AVIV ,1786094117912x748763187480100900,Positive response,Positive Response,Rodrigo Gomes,Sequence,
2026-08-24 15:18:17.174,1787584693383x563619861047675460,1787584697870x445963675364202430,AVIV ,1786094117912x748763187480100900,Recruiter Screen,Recruiter Screen,Rodrigo Gomes,Sequence,
2026-08-24 15:18:17.174,1787584693383x563619861047675460,1787584699189x315021984545497600,AVIV ,1786094117912x748763187480100900,Technical Interview ,Interview 1,Rodrigo Gomes,Sequence,
2026-08-24 15:19:41.303,1787584777112x448069909683182600,1787584785433x121187114613366510,AVIV ,1786094117912x748763187480100900,,,Rodrigo Gomes,Sequence,
2026-08-24 15:19:41.303,1787584777112x448069909683182600,1787584785696x957594220721303900,AVIV ,1786094117912x748763187480100900,,,Rodrigo Gomes,Sequence,
2026-08-24 15:19:41.303,1787584777112x448069909683182600,1787584785174x179579799003332770,AVIV ,1786094117912x748763187480100900,Hired,Hired,Rodrigo Gomes,Sequence,
2026-08-24 15:19:41.303,1787584777112x448069909683182600,1787584783064x867509886286983400,AVIV ,1786094117912x748763187480100900,Interview 1,Interview 1,Rodrigo Gomes,Sequence,
2026-08-24 15:19:41.303,1787584777112x448069909683182600,1787584783921x579308124369782900,AVIV ,1786094117912x748763187480100900,Interview 2,Interview 2,Rodrigo Gomes,Sequence,
2026-08-24 15:19:41.303,1787584777112x448069909683182600,1787584784366x889079749376138900,AVIV ,1786094117912x748763187480100900,Interview 3,Interview 3,Rodrigo Gomes,Sequence,
2026-08-24 15:19:41.303,1787584777112x448069909683182600,1787584782520x993075897334976500,AVIV ,1786094117912x748763187480100900,Moved to ATS,Offsite,Rodrigo Gomes,Sequence,
2026-08-24 15:19:41.303,1787584777112x448069909683182600,1787584784793x544524933934653400,AVIV ,1786094117912x748763187480100900,Offer,Offer,Rodrigo Gomes,Sequence,
2026-08-24 15:19:41.303,1787584777112x448069909683182600,1787584781750x330253253959650750,AVIV ,1786094117912x748763187480100900,Positive response,Positive Response,Rodrigo Gomes,Sequence,
2026-08-24 15:19:41.303,1787584777112x448069909683182600,1787584782131x335367305720997200,AVIV ,1786094117912x748763187480100900,Recruiter Screen,Recruiter Screen,Rodrigo Gomes,Sequence,
2026-08-24 15:19:41.303,1787584777112x448069909683182600,1787584783453x597972450284604200,AVIV ,1786094117912x748763187480100900,Technical Interview ,Interview 1,Rodrigo Gomes,Sequence,
2026-08-24 15:20:37.826,1787584833715x670129620867320700,1787584842584x345567813198299800,AVIV ,1786094117912x748763187480100900,,,Rodrigo Gomes,Sequence,
2026-08-24 15:20:37.826,1787584833715x670129620867320700,1787584844186x390453230077727940,AVIV ,1786094117912x748763187480100900,,,Rodrigo Gomes,Sequence,
2026-08-24 15:20:37.826,1787584833715x670129620867320700,1787584842154x236382854721356220,AVIV ,1786094117912x748763187480100900,Hired,Hired,Rodrigo Gomes,Sequence,
2026-08-24 15:20:37.826,1787584833715x670129620867320700,1787584840361x535068220752917200,AVIV ,1786094117912x748763187480100900,Interview 1,Interview 1,Rodrigo Gomes,Sequence,
2026-08-24 15:20:37.826,1787584833715x670129620867320700,1787584841256x907903800442169700,AVIV ,1786094117912x748763187480100900,Interview 2,Interview 2,Rodrigo Gomes,Sequence,
2026-08-24 15:20:37.826,1787584833715x670129620867320700,1787584841536x223710083027339760,AVIV ,1786094117912x748763187480100900,Interview 3,Interview 3,Rodrigo Gomes,Sequence,
2026-08-24 15:20:37.826,1787584833715x670129620867320700,1787584839547x694015625917494800,AVIV ,1786094117912x748763187480100900,Moved to ATS,Offsite,Rodrigo Gomes,Sequence,
2026-08-24 15:20:37.826,1787584833715x670129620867320700,1787584841877x851189599977249400,AVIV ,1786094117912x748763187480100900,Offer,Offer,Rodrigo Gomes,Sequence,
2026-08-24 15:20:37.826,1787584833715x670129620867320700,1787584838150x172817536019252540,AVIV ,1786094117912x748763187480100900,Positive response,Positive Response,Rodrigo Gomes,Sequence,
2026-08-24 15:20:37.826,1787584833715x670129620867320700,1787584838526x366596119241481300,AVIV ,1786094117912x748763187480100900,Recruiter Screen,Recruiter Screen,Rodrigo Gomes,Sequence,
2026-08-24 15:20:37.826,1787584833715x670129620867320700,1787584840775x620143593605379200,AVIV ,1786094117912x748763187480100900,Technical Interview ,Interview 1,Rodrigo Gomes,Sequence,
2026-08-24 15:21:24.323,1787584879968x336510195884143900,1787584889847x161304124561676400,AVIV ,1786094117912x748763187480100900,,,Rodrigo Gomes,Sequence,
2026-08-24 15:21:24.323,1787584879968x336510195884143900,1787584889381x654684659706624800,AVIV ,1786094117912x748763187480100900,,,Rodrigo Gomes,Sequence,
2026-08-24 15:21:24.323,1787584879968x336510195884143900,1787584888752x479840817390419650,AVIV ,1786094117912x748763187480100900,Hired,Hired,Rodrigo Gomes,Sequence,
2026-08-24 15:21:24.323,1787584879968x336510195884143900,1787584886567x273903457026256200,AVIV ,1786094117912x748763187480100900,Interview 1,Interview 1,Rodrigo Gomes,Sequence,
2026-08-24 15:21:24.323,1787584879968x336510195884143900,1787584887458x335061510026116300,AVIV ,1786094117912x748763187480100900,Interview 2,Interview 2,Rodrigo Gomes,Sequence,
2026-08-24 15:21:24.323,1787584879968x336510195884143900,1787584887901x658974255490546700,AVIV ,1786094117912x748763187480100900,Interview 3,Interview 3,Rodrigo Gomes,Sequence,
2026-08-24 15:21:24.323,1787584879968x336510195884143900,1787584886015x640137794807516000,AVIV ,1786094117912x748763187480100900,Moved to ATS,Offsite,Rodrigo Gomes,Sequence,
2026-08-24 15:21:24.323,1787584879968x336510195884143900,1787584888341x564222883321867200,AVIV ,1786094117912x748763187480100900,Offer,Offer,Rodrigo Gomes,Sequence,
2026-08-24 15:21:24.323,1787584879968x336510195884143900,1787584885016x156606397904911260,AVIV ,1786094117912x748763187480100900,Positive response,Positive Response,Rodrigo Gomes,Sequence,
2026-08-24 15:21:24.323,1787584879968x336510195884143900,1787584885519x371380037649732300,AVIV ,1786094117912x748763187480100900,Recruiter Screen,Recruiter Screen,Rodrigo Gomes,Sequence,
2026-08-24 15:21:24.323,1787584879968x336510195884143900,1787584886959x378490723167788300,AVIV ,1786094117912x748763187480100900,Technical Interview ,Interview 1,Rodrigo Gomes,Sequence,
2026-08-25 06:27:16.126,1787639234958x940179740232777700,1787639236444x457368145698359600,Voize,1786608316958x994010874159300600,Contacted,Contacted,Mariam Chkhikvadze,Moved to ATS,
2026-08-25 06:27:16.126,1787639234958x940179740232777700,1787639237555x164761891633231840,Voize,1786608316958x994010874159300600,Moved to ATS,Offsite,Mariam Chkhikvadze,Moved to ATS,
2026-08-25 06:27:16.126,1787639234958x940179740232777700,1787639236837x674070865581673200,Voize,1786608316958x994010874159300600,Positive response,Positive Response,Mariam Chkhikvadze,Moved to ATS,
2026-08-25 06:27:16.126,1787639234958x940179740232777700,1787639237161x587538935294317700,Voize,1786608316958x994010874159300600,Recruiter Screen,Recruiter Screen,Mariam Chkhikvadze,Moved to ATS,
2026-08-25 06:27:52.394,1787639271444x476613153398194200,1787639273007x228212746867932920,Voize,1786608316958x994010874159300600,Contacted,Contacted,Mariam Chkhikvadze,Moved to ATS,
2026-08-25 06:27:52.394,1787639271444x476613153398194200,1787639274311x115514616798816140,Voize,1786608316958x994010874159300600,Moved to ATS,Offsite,Mariam Chkhikvadze,Moved to ATS,
2026-08-25 06:27:52.394,1787639271444x476613153398194200,1787639273361x261599208101303200,Voize,1786608316958x994010874159300600,Positive response,Positive Response,Mariam Chkhikvadze,Moved to ATS,
2026-08-25 06:27:52.394,1787639271444x476613153398194200,1787639273776x353998128984837760,Voize,1786608316958x994010874159300600,Recruiter Screen,Recruiter Screen,Mariam Chkhikvadze,Moved to ATS,
2026-08-25 06:28:52.436,1787639331295x751409967834071000,1787639332669x551321635131127200,Voize,1786608316958x994010874159300600,Contacted,Contacted,Mariam Chkhikvadze,Moved to ATS,
2026-08-25 06:28:52.436,1787639331295x751409967834071000,1787639333710x686230618424163700,Voize,1786608316958x994010874159300600,Moved to ATS,Offsite,Mariam Chkhikvadze,Moved to ATS,
2026-08-25 06:28:52.436,1787639331295x751409967834071000,1787639332989x357030093609572030,Voize,1786608316958x994010874159300600,Positive response,Positive Response,Mariam Chkhikvadze,Moved to ATS,
2026-08-25 06:28:52.436,1787639331295x751409967834071000,1787639333367x872093586536563100,Voize,1786608316958x994010874159300600,Recruiter Screen,Recruiter Screen,Mariam Chkhikvadze,Moved to ATS,
2026-08-25 06:29:22.908,1787639361720x329773256278016000,1787639363405x610836599104017400,Voize,1786608316958x994010874159300600,Contacted,Contacted,Mariam Chkhikvadze,Moved to ATS,
2026-08-25 06:29:22.908,1787639361720x329773256278016000,1787639364809x368264236010213300,Voize,1786608316958x994010874159300600,Moved to ATS,Offsite,Mariam Chkhikvadze,Moved to ATS,
2026-08-25 06:29:22.908,1787639361720x329773256278016000,1787639363776x492699071857921400,Voize,1786608316958x994010874159300600,Positive response,Positive Response,Mariam Chkhikvadze,Moved to ATS,
2026-08-25 06:29:22.908,1787639361720x329773256278016000,1787639364301x993074552864710700,Voize,1786608316958x994010874159300600,Recruiter Screen,Recruiter Screen,Mariam Chkhikvadze,Moved to ATS,
2026-08-25 06:29:59.635,1787639398760x785728571526611000,1787639399919x714710269093011200,Voize,1786608316958x994010874159300600,Contacted,Contacted,Mariam Chkhikvadze,Moved to ATS,
2026-08-25 06:29:59.635,1787639398760x785728571526611000,1787639401239x756750239250454400,Voize,1786608316958x994010874159300600,Moved to ATS,Offsite,Mariam Chkhikvadze,Moved to ATS,
2026-08-25 06:29:59.635,1787639398760x785728571526611000,1787639400279x674438500638717000,Voize,1786608316958x994010874159300600,Positive response,Positive Response,Mariam Chkhikvadze,Moved to ATS,
2026-08-25 06:29:59.635,1787639398760x785728571526611000,1787639400636x406097721316441400,Voize,1786608316958x994010874159300600,Recruiter Screen,Recruiter Screen,Mariam Chkhikvadze,Moved to ATS,
2026-08-25 06:30:37.507,1787639436482x678161464658231300,1787639437749x526124866681150000,Voize,1786608316958x994010874159300600,Contacted,Contacted,Mariam Chkhikvadze,Moved to ATS,
2026-08-25 06:30:37.507,1787639436482x678161464658231300,1787639438684x927728132343993500,Voize,1786608316958x994010874159300600,Moved to ATS,Offsite,Mariam Chkhikvadze,Moved to ATS,
2026-08-25 06:30:37.507,1787639436482x678161464658231300,1787639438027x570384881263983400,Voize,1786608316958x994010874159300600,Positive response,Positive Response,Mariam Chkhikvadze,Moved to ATS,
2026-08-25 06:30:37.507,1787639436482x678161464658231300,1787639438278x563361435460386400,Voize,1786608316958x994010874159300600,Recruiter Screen,Recruiter Screen,Mariam Chkhikvadze,Moved to ATS,
2026-08-25 06:32:28.050,1787639547226x275909426903777280,1787639548405x500351772174548300,Voize,1786608316958x994010874159300600,Contacted,Contacted,Mariam Chkhikvadze,Moved to ATS,
2026-08-25 06:32:28.050,1787639547226x275909426903777280,1787639549415x611433338925442200,Voize,1786608316958x994010874159300600,Moved to ATS,Offsite,Mariam Chkhikvadze,Moved to ATS,
2026-08-25 06:32:28.050,1787639547226x275909426903777280,1787639548810x708794972654075300,Voize,1786608316958x994010874159300600,Positive response,Positive Response,Mariam Chkhikvadze,Moved to ATS,
2026-08-25 06:32:28.050,1787639547226x275909426903777280,1787639549085x164841078433132670,Voize,1786608316958x994010874159300600,Recruiter Screen,Recruiter Screen,Mariam Chkhikvadze,Moved to ATS,
2026-08-25 09:12:00.824,1787649113304x787001087888648000,1787649124546x296361492394725100,AVIV ,1786094117912x748763187480100900,,,Rodrigo Gomes,Sequence,
2026-08-25 09:12:00.824,1787649113304x787001087888648000,1787649124836x570826840209595000,AVIV ,1786094117912x748763187480100900,,,Rodrigo Gomes,Sequence,
2026-08-25 09:12:00.824,1787649113304x787001087888648000,1787649124164x223368303303921300,AVIV ,1786094117912x748763187480100900,Hired,Hired,Rodrigo Gomes,Sequence,
2026-08-25 09:12:00.824,1787649113304x787001087888648000,1787649122181x758374718185097700,AVIV ,1786094117912x748763187480100900,Interview 1,Interview 1,Rodrigo Gomes,Sequence,
2026-08-25 09:12:00.824,1787649113304x787001087888648000,1787649122860x114152407904035020,AVIV ,1786094117912x748763187480100900,Interview 2,Interview 2,Rodrigo Gomes,Sequence,
2026-08-25 09:12:00.824,1787649113304x787001087888648000,1787649123280x717566662345646100,AVIV ,1786094117912x748763187480100900,Interview 3,Interview 3,Rodrigo Gomes,Sequence,
2026-08-25 09:12:00.824,1787649113304x787001087888648000,1787649121871x160911976672726280,AVIV ,1786094117912x748763187480100900,Moved to ATS,Offsite,Rodrigo Gomes,Sequence,
2026-08-25 09:12:00.824,1787649113304x787001087888648000,1787649123677x755760243334273200,AVIV ,1786094117912x748763187480100900,Offer,Offer,Rodrigo Gomes,Sequence,
2026-08-25 09:12:00.824,1787649113304x787001087888648000,1787649121020x558573508716957440,AVIV ,1786094117912x748763187480100900,Positive response,Positive Response,Rodrigo Gomes,Sequence,
2026-08-25 09:12:00.824,1787649113304x787001087888648000,1787649121478x355432967450990200,AVIV ,1786094117912x748763187480100900,Recruiter Screen,Recruiter Screen,Rodrigo Gomes,Sequence,
2026-08-25 09:12:00.824,1787649113304x787001087888648000,1787649122507x403221889878456300,AVIV ,1786094117912x748763187480100900,Technical Interview ,Interview 1,Rodrigo Gomes,Sequence,
2026-08-25 09:14:38.498,1787649273761x119155258640502910,1787649282272x674878226687050500,AVIV ,1786094117912x748763187480100900,,,Rodrigo Gomes,Sequence,
2026-08-25 09:14:38.498,1787649273761x119155258640502910,1787649281977x899768225453217000,AVIV ,1786094117912x748763187480100900,,,Rodrigo Gomes,Sequence,
2026-08-25 09:14:38.498,1787649273761x119155258640502910,1787649281574x847209078622051600,AVIV ,1786094117912x748763187480100900,Hired,Hired,Rodrigo Gomes,Sequence,
2026-08-25 09:14:38.498,1787649273761x119155258640502910,1787649280031x825019598621767800,AVIV ,1786094117912x748763187480100900,Interview 1,Interview 1,Rodrigo Gomes,Sequence,
2026-08-25 09:14:38.498,1787649273761x119155258640502910,1787649280541x418472848247896100,AVIV ,1786094117912x748763187480100900,Interview 2,Interview 2,Rodrigo Gomes,Sequence,
2026-08-25 09:14:38.498,1787649273761x119155258640502910,1787649280846x390135747665237800,AVIV ,1786094117912x748763187480100900,Interview 3,Interview 3,Rodrigo Gomes,Sequence,
2026-08-25 09:14:38.498,1787649273761x119155258640502910,1787649279734x525541938598770050,AVIV ,1786094117912x748763187480100900,Moved to ATS,Offsite,Rodrigo Gomes,Sequence,
2026-08-25 09:14:38.498,1787649273761x119155258640502910,1787649281271x943008460923642000,AVIV ,1786094117912x748763187480100900,Offer,Offer,Rodrigo Gomes,Sequence,
2026-08-25 09:14:38.498,1787649273761x119155258640502910,1787649278830x259716749678371440,AVIV ,1786094117912x748763187480100900,Positive response,Positive Response,Rodrigo Gomes,Sequence,
2026-08-25 09:14:38.498,1787649273761x119155258640502910,1787649279209x666258838903130800,AVIV ,1786094117912x748763187480100900,Recruiter Screen,Recruiter Screen,Rodrigo Gomes,Sequence,
2026-08-25 09:14:38.498,1787649273761x119155258640502910,1787649280269x160588647101578270,AVIV ,1786094117912x748763187480100900,Technical Interview ,Interview 1,Rodrigo Gomes,Sequence,
2026-08-25 12:26:33.560,1787660625996x101526259574434620,1787660795759x678349301719083600,AVIV ,1775125002560x755091190743302100,,,Rodrigo Gomes,Sequence,
2026-08-25 12:26:33.560,1787660625996x101526259574434620,1787660795506x866763655423021600,AVIV ,1775125002560x755091190743302100,,,Rodrigo Gomes,Sequence,
2026-08-25 12:26:33.560,1787660625996x101526259574434620,1787660795182x900812441349121900,AVIV ,1775125002560x755091190743302100,Hired,Hired,Rodrigo Gomes,Sequence,
2026-08-25 12:26:33.560,1787660625996x101526259574434620,1787660794336x151359379931883540,AVIV ,1775125002560x755091190743302100,Moved to ATS,Offsite,Rodrigo Gomes,Sequence,
2026-08-25 12:26:33.560,1787660625996x101526259574434620,1787660794900x504690747239079800,AVIV ,1775125002560x755091190743302100,Offer,Offer,Rodrigo Gomes,Sequence,
2026-08-25 12:26:33.560,1787660625996x101526259574434620,1787660794661x387968522982490300,AVIV ,1775125002560x755091190743302100,Onsite,Final Interview,Rodrigo Gomes,Sequence,
2026-08-25 12:26:33.560,1787660625996x101526259574434620,1787660793742x713655916800298100,AVIV ,1775125002560x755091190743302100,Positive response,Positive Response,Rodrigo Gomes,Sequence,
2026-08-25 12:26:33.560,1787660625996x101526259574434620,1787660794096x192058418000236930,AVIV ,1775125002560x755091190743302100,Recruiter Screen,Recruiter Screen,Rodrigo Gomes,Sequence,
2026-08-25 12:26:33.578,1787660645987x188165961616687520,1787660797183x775509653300483700,AVIV ,1775125002560x755091190743302100,,,Rodrigo Gomes,Sequence,
2026-08-25 12:26:33.578,1787660645987x188165961616687520,1787660796984x163735979136115040,AVIV ,1775125002560x755091190743302100,,,Rodrigo Gomes,Sequence,
2026-08-25 12:26:33.578,1787660645987x188165961616687520,1787660796688x526694114086004600,AVIV ,1775125002560x755091190743302100,Hired,Hired,Rodrigo Gomes,Sequence,
2026-08-25 12:26:33.578,1787660645987x188165961616687520,1787660795287x434019724797430200,AVIV ,1775125002560x755091190743302100,Moved to ATS,Offsite,Rodrigo Gomes,Sequence,
2026-08-25 12:26:33.578,1787660645987x188165961616687520,1787660796102x203749879814625320,AVIV ,1775125002560x755091190743302100,Offer,Offer,Rodrigo Gomes,Sequence,
2026-08-25 12:26:33.578,1787660645987x188165961616687520,1787660795568x224707661351141400,AVIV ,1775125002560x755091190743302100,Onsite,Final Interview,Rodrigo Gomes,Sequence,
2026-08-25 12:26:33.578,1787660645987x188165961616687520,1787660794060x557946617001879400,AVIV ,1775125002560x755091190743302100,Positive response,Positive Response,Rodrigo Gomes,Sequence,
2026-08-25 12:26:33.578,1787660645987x188165961616687520,1787660795024x339461580748719100,AVIV ,1775125002560x755091190743302100,Recruiter Screen,Recruiter Screen,Rodrigo Gomes,Sequence,
2026-08-25 12:26:33.640,1787660609102x130098441074328660,1787660796871x819335671763633200,AVIV ,1775125002560x755091190743302100,,,Rodrigo Gomes,Sequence,
2026-08-25 12:26:33.640,1787660609102x130098441074328660,1787660796485x735282701767393900,AVIV ,1775125002560x755091190743302100,,,Rodrigo Gomes,Sequence,
2026-08-25 12:26:33.640,1787660609102x130098441074328660,1787660796061x743828225567089200,AVIV ,1775125002560x755091190743302100,Hired,Hired,Rodrigo Gomes,Sequence,
2026-08-25 12:26:33.640,1787660609102x130098441074328660,1787660794364x575440630214447700,AVIV ,1775125002560x755091190743302100,Moved to ATS,Offsite,Rodrigo Gomes,Sequence,
2026-08-25 12:26:33.640,1787660609102x130098441074328660,1787660795535x974431006145677300,AVIV ,1775125002560x755091190743302100,Offer,Offer,Rodrigo Gomes,Sequence,
2026-08-25 12:26:33.640,1787660609102x130098441074328660,1787660795020x330133369981801660,AVIV ,1775125002560x755091190743302100,Onsite,Final Interview,Rodrigo Gomes,Sequence,
2026-08-25 12:26:33.640,1787660609102x130098441074328660,1787660793870x265602607398411900,AVIV ,1775125002560x755091190743302100,Positive response,Positive Response,Rodrigo Gomes,Sequence,
2026-08-25 12:26:33.640,1787660609102x130098441074328660,1787660794099x433075827612402240,AVIV ,1775125002560x755091190743302100,Recruiter Screen,Recruiter Screen,Rodrigo Gomes,Sequence,
2026-08-25 12:26:33.747,1787660728007x116323527107860210,1787660796288x302093050835765570,AVIV ,1775125002560x755091190743302100,,,Rodrigo Gomes,Sequence,
2026-08-25 12:26:33.747,1787660728007x116323527107860210,1787660795992x660358098014968300,AVIV ,1775125002560x755091190743302100,,,Rodrigo Gomes,Sequence,
2026-08-25 12:26:33.747,1787660728007x116323527107860210,1787660795749x583414756123555500,AVIV ,1775125002560x755091190743302100,Hired,Hired,Rodrigo Gomes,Sequence,
2026-08-25 12:26:33.747,1787660728007x116323527107860210,1787660794734x368381314926192500,AVIV ,1775125002560x755091190743302100,Moved to ATS,Offsite,Rodrigo Gomes,Sequence,
2026-08-25 12:26:33.747,1787660728007x116323527107860210,1787660795462x876057964169898600,AVIV ,1775125002560x755091190743302100,Offer,Offer,Rodrigo Gomes,Sequence,
2026-08-25 12:26:33.747,1787660728007x116323527107860210,1787660795100x628266214208228500,AVIV ,1775125002560x755091190743302100,Onsite,Final Interview,Rodrigo Gomes,Sequence,
2026-08-25 12:26:33.747,1787660728007x116323527107860210,1787660794050x847072111944210200,AVIV ,1775125002560x755091190743302100,Positive response,Positive Response,Rodrigo Gomes,Sequence,
2026-08-25 12:26:33.747,1787660728007x116323527107860210,1787660794289x429864848861588600,AVIV ,1775125002560x755091190743302100,Recruiter Screen,Recruiter Screen,Rodrigo Gomes,Sequence,
2026-08-25 12:26:33.887,1787660700102x880959889963950000,1787660798091x168435600673675360,AVIV ,1775125002560x755091190743302100,,,Rodrigo Gomes,Sequence,
2026-08-25 12:26:33.887,1787660700102x880959889963950000,1787660798555x545946986405051460,AVIV ,1775125002560x755091190743302100,,,Rodrigo Gomes,Sequence,
2026-08-25 12:26:33.887,1787660700102x880959889963950000,1787660797627x924057398762758900,AVIV ,1775125002560x755091190743302100,Hired,Hired,Rodrigo Gomes,Sequence,
2026-08-25 12:26:33.887,1787660700102x880959889963950000,1787660795834x533948329546964500,AVIV ,1775125002560x755091190743302100,Moved to ATS,Offsite,Rodrigo Gomes,Sequence,
2026-08-25 12:26:33.887,1787660700102x880959889963950000,1787660796834x877600872821544300,AVIV ,1775125002560x755091190743302100,Offer,Offer,Rodrigo Gomes,Sequence,
2026-08-25 12:26:33.887,1787660700102x880959889963950000,1787660796213x780842732735348200,AVIV ,1775125002560x755091190743302100,Onsite,Final Interview,Rodrigo Gomes,Sequence,
2026-08-25 12:26:33.887,1787660700102x880959889963950000,1787660794218x892589164561888300,AVIV ,1775125002560x755091190743302100,Positive response,Positive Response,Rodrigo Gomes,Sequence,
2026-08-25 12:26:33.887,1787660700102x880959889963950000,1787660795004x441216283352333200,AVIV ,1775125002560x755091190743302100,Recruiter Screen,Recruiter Screen,Rodrigo Gomes,Sequence,
2026-08-25 12:26:33.986,1787660577877x583693118346953000,1787660796457x732379591208561500,AVIV ,1775125002560x755091190743302100,,,Rodrigo Gomes,Sequence,
2026-08-25 12:26:33.986,1787660577877x583693118346953000,1787660797143x320422300418260500,AVIV ,1775125002560x755091190743302100,,,Rodrigo Gomes,Sequence,
2026-08-25 12:26:33.986,1787660577877x583693118346953000,1787660796158x110124049074655340,AVIV ,1775125002560x755091190743302100,Hired,Hired,Rodrigo Gomes,Sequence,
2026-08-25 12:26:33.986,1787660577877x583693118346953000,1787660794956x777873683930181400,AVIV ,1775125002560x755091190743302100,Moved to ATS,Offsite,Rodrigo Gomes,Sequence,
2026-08-25 12:26:33.986,1787660577877x583693118346953000,1787660795865x298521934356727200,AVIV ,1775125002560x755091190743302100,Offer,Offer,Rodrigo Gomes,Sequence,
2026-08-25 12:26:33.986,1787660577877x583693118346953000,1787660795391x539934289150303170,AVIV ,1775125002560x755091190743302100,Onsite,Final Interview,Rodrigo Gomes,Sequence,
2026-08-25 12:26:33.986,1787660577877x583693118346953000,1787660794259x943789542137775400,AVIV ,1775125002560x755091190743302100,Positive response,Positive Response,Rodrigo Gomes,Sequence,
2026-08-25 12:26:33.986,1787660577877x583693118346953000,1787660794557x283786518727680000,AVIV ,1775125002560x755091190743302100,Recruiter Screen,Recruiter Screen,Rodrigo Gomes,Sequence,
2026-08-25 12:26:33.991,1787660563115x542571473748957500,1787660797493x696945916749442000,AVIV ,1775125002560x755091190743302100,,,Rodrigo Gomes,Sequence,
2026-08-25 12:26:33.991,1787660563115x542571473748957500,1787660797135x169793095433682140,AVIV ,1775125002560x755091190743302100,,,Rodrigo Gomes,Sequence,
2026-08-25 12:26:33.991,1787660563115x542571473748957500,1787660796755x905157595931131100,AVIV ,1775125002560x755091190743302100,Hired,Hired,Rodrigo Gomes,Sequence,
2026-08-25 12:26:33.991,1787660563115x542571473748957500,1787660795162x453974269883842940,AVIV ,1775125002560x755091190743302100,Moved to ATS,Offsite,Rodrigo Gomes,Sequence,
2026-08-25 12:26:33.991,1787660563115x542571473748957500,1787660796338x473960258090266900,AVIV ,1775125002560x755091190743302100,Offer,Offer,Rodrigo Gomes,Sequence,
2026-08-25 12:26:33.991,1787660563115x542571473748957500,1787660795971x382570169061155600,AVIV ,1775125002560x755091190743302100,Onsite,Final Interview,Rodrigo Gomes,Sequence,
2026-08-25 12:26:33.991,1787660563115x542571473748957500,1787660794262x519708850426806600,AVIV ,1775125002560x755091190743302100,Positive response,Positive Response,Rodrigo Gomes,Sequence,
2026-08-25 12:26:33.991,1787660563115x542571473748957500,1787660794572x926387428979096700,AVIV ,1775125002560x755091190743302100,Recruiter Screen,Recruiter Screen,Rodrigo Gomes,Sequence,
2026-08-25 12:26:34.073,1787660598012x615819403311613800,1787660798656x351373718546937660,AVIV ,1775125002560x755091190743302100,,,Rodrigo Gomes,Sequence,
2026-08-25 12:26:34.073,1787660598012x615819403311613800,1787660798184x385991810414590700,AVIV ,1775125002560x755091190743302100,,,Rodrigo Gomes,Sequence,
2026-08-25 12:26:34.073,1787660598012x615819403311613800,1787660797600x706786218011169500,AVIV ,1775125002560x755091190743302100,Hired,Hired,Rodrigo Gomes,Sequence,
2026-08-25 12:26:34.073,1787660598012x615819403311613800,1787660795327x831834518903345400,AVIV ,1775125002560x755091190743302100,Moved to ATS,Offsite,Rodrigo Gomes,Sequence,
2026-08-25 12:26:34.073,1787660598012x615819403311613800,1787660796428x658174761284128000,AVIV ,1775125002560x755091190743302100,Offer,Offer,Rodrigo Gomes,Sequence,
2026-08-25 12:26:34.073,1787660598012x615819403311613800,1787660795687x811472369420676200,AVIV ,1775125002560x755091190743302100,Onsite,Final Interview,Rodrigo Gomes,Sequence,
2026-08-25 12:26:34.073,1787660598012x615819403311613800,1787660794482x733240871019004200,AVIV ,1775125002560x755091190743302100,Positive response,Positive Response,Rodrigo Gomes,Sequence,
2026-08-25 12:26:34.073,1787660598012x615819403311613800,1787660794935x152938122095174430,AVIV ,1775125002560x755091190743302100,Recruiter Screen,Recruiter Screen,Rodrigo Gomes,Sequence,
2026-08-25 12:26:34.158,1787660669468x664393471924289400,1787660797639x166906578644457250,AVIV ,1775125002560x755091190743302100,,,Rodrigo Gomes,Sequence,
2026-08-25 12:26:34.158,1787660669468x664393471924289400,1787660798006x357593198559266400,AVIV ,1775125002560x755091190743302100,,,Rodrigo Gomes,Sequence,
2026-08-25 12:26:34.158,1787660669468x664393471924289400,1787660797218x988966675364548400,AVIV ,1775125002560x755091190743302100,Hired,Hired,Rodrigo Gomes,Sequence,
2026-08-25 12:26:34.158,1787660669468x664393471924289400,1787660795830x637423899258697000,AVIV ,1775125002560x755091190743302100,Moved to ATS,Offsite,Rodrigo Gomes,Sequence,
2026-08-25 12:26:34.158,1787660669468x664393471924289400,1787660796757x646907462188326700,AVIV ,1775125002560x755091190743302100,Offer,Offer,Rodrigo Gomes,Sequence,
2026-08-25 12:26:34.158,1787660669468x664393471924289400,1787660796200x451593558384226300,AVIV ,1775125002560x755091190743302100,Onsite,Final Interview,Rodrigo Gomes,Sequence,
2026-08-25 12:26:34.158,1787660669468x664393471924289400,1787660794458x476792038693959940,AVIV ,1775125002560x755091190743302100,Positive response,Positive Response,Rodrigo Gomes,Sequence,
2026-08-25 12:26:34.158,1787660669468x664393471924289400,1787660795052x386722211502787500,AVIV ,1775125002560x755091190743302100,Recruiter Screen,Recruiter Screen,Rodrigo Gomes,Sequence,
2026-08-25 12:27:56.379,1787660420319x401535750024717200,1787660881384x787341609140999300,AVIV ,1775125002560x755091190743302100,,,Rodrigo Gomes,Sequence,
2026-08-25 12:27:56.379,1787660420319x401535750024717200,1787660881205x471035049879829900,AVIV ,1775125002560x755091190743302100,,,Rodrigo Gomes,Sequence,
2026-08-25 12:27:56.379,1787660420319x401535750024717200,1787660880269x682424227328670700,AVIV ,1775125002560x755091190743302100,Hired,Hired,Rodrigo Gomes,Sequence,
2026-08-25 12:27:56.379,1787660420319x401535750024717200,1787660877108x495285179195156700,AVIV ,1775125002560x755091190743302100,Moved to ATS,Offsite,Rodrigo Gomes,Sequence,
2026-08-25 12:27:56.379,1787660420319x401535750024717200,1787660879633x470174483400639600,AVIV ,1775125002560x755091190743302100,Offer,Offer,Rodrigo Gomes,Sequence,
2026-08-25 12:27:56.379,1787660420319x401535750024717200,1787660877873x141750096147761800,AVIV ,1775125002560x755091190743302100,Onsite,Final Interview,Rodrigo Gomes,Sequence,
2026-08-25 12:27:56.379,1787660420319x401535750024717200,1787660876598x522010895061310900,AVIV ,1775125002560x755091190743302100,Positive response,Positive Response,Rodrigo Gomes,Sequence,
2026-08-25 12:27:56.379,1787660420319x401535750024717200,1787660876834x143874315579000320,AVIV ,1775125002560x755091190743302100,Recruiter Screen,Recruiter Screen,Rodrigo Gomes,Sequence,
2026-08-25 12:27:56.508,1787660436799x196253066016794720,1787660880990x983261224166308100,AVIV ,1775125002560x755091190743302100,,,Rodrigo Gomes,Sequence,
2026-08-25 12:27:56.508,1787660436799x196253066016794720,1787660882047x393471577789564300,AVIV ,1775125002560x755091190743302100,,,Rodrigo Gomes,Sequence,
2026-08-25 12:27:56.508,1787660436799x196253066016794720,1787660880700x403051853404522900,AVIV ,1775125002560x755091190743302100,Hired,Hired,Rodrigo Gomes,Sequence,
2026-08-25 12:27:56.508,1787660436799x196253066016794720,1787660878638x554610178065675600,AVIV ,1775125002560x755091190743302100,Moved to ATS,Offsite,Rodrigo Gomes,Sequence,
2026-08-25 12:27:56.508,1787660436799x196253066016794720,1787660879324x127462417152836020,AVIV ,1775125002560x755091190743302100,Offer,Offer,Rodrigo Gomes,Sequence,
2026-08-25 12:27:56.508,1787660436799x196253066016794720,1787660878927x919265862642895700,AVIV ,1775125002560x755091190743302100,Onsite,Final Interview,Rodrigo Gomes,Sequence,
2026-08-25 12:27:56.508,1787660436799x196253066016794720,1787660876875x221834655391214500,AVIV ,1775125002560x755091190743302100,Positive response,Positive Response,Rodrigo Gomes,Sequence,
2026-08-25 12:27:56.508,1787660436799x196253066016794720,1787660877322x550337035792367170,AVIV ,1775125002560x755091190743302100,Recruiter Screen,Recruiter Screen,Rodrigo Gomes,Sequence,
2026-08-25 12:27:56.662,1787660448503x886403247662380400,1787660882283x238818270302358460,AVIV ,1775125002560x755091190743302100,,,Rodrigo Gomes,Sequence,
2026-08-25 12:27:56.662,1787660448503x886403247662380400,1787660882079x529179161009152960,AVIV ,1775125002560x755091190743302100,,,Rodrigo Gomes,Sequence,
2026-08-25 12:27:56.662,1787660448503x886403247662380400,1787660881409x936255815920460800,AVIV ,1775125002560x755091190743302100,Hired,Hired,Rodrigo Gomes,Sequence,
2026-08-25 12:27:56.662,1787660448503x886403247662380400,1787660878317x153988833526151230,AVIV ,1775125002560x755091190743302100,Moved to ATS,Offsite,Rodrigo Gomes,Sequence,
2026-08-25 12:27:56.662,1787660448503x886403247662380400,1787660880385x769242420607440400,AVIV ,1775125002560x755091190743302100,Offer,Offer,Rodrigo Gomes,Sequence,
2026-08-25 12:27:56.662,1787660448503x886403247662380400,1787660878851x513568125464933800,AVIV ,1775125002560x755091190743302100,Onsite,Final Interview,Rodrigo Gomes,Sequence,
2026-08-25 12:27:56.662,1787660448503x886403247662380400,1787660876948x100669879739046180,AVIV ,1775125002560x755091190743302100,Positive response,Positive Response,Rodrigo Gomes,Sequence,
2026-08-25 12:27:56.662,1787660448503x886403247662380400,1787660877285x667339627965501700,AVIV ,1775125002560x755091190743302100,Recruiter Screen,Recruiter Screen,Rodrigo Gomes,Sequence,
2026-08-25 12:27:56.754,1787660508479x301371042529075000,1787660882050x116483297226525500,AVIV ,1775125002560x755091190743302100,,,Rodrigo Gomes,Sequence,
2026-08-25 12:27:56.754,1787660508479x301371042529075000,1787660882426x112743579212242200,AVIV ,1775125002560x755091190743302100,,,Rodrigo Gomes,Sequence,
2026-08-25 12:27:56.754,1787660508479x301371042529075000,1787660881346x707677658916897200,AVIV ,1775125002560x755091190743302100,Hired,Hired,Rodrigo Gomes,Sequence,
2026-08-25 12:27:56.754,1787660508479x301371042529075000,1787660878294x951279446176353000,AVIV ,1775125002560x755091190743302100,Moved to ATS,Offsite,Rodrigo Gomes,Sequence,
2026-08-25 12:27:56.754,1787660508479x301371042529075000,1787660880271x273304285478953570,AVIV ,1775125002560x755091190743302100,Offer,Offer,Rodrigo Gomes,Sequence,
2026-08-25 12:27:56.754,1787660508479x301371042529075000,1787660879993x534741319824029630,AVIV ,1775125002560x755091190743302100,Onsite,Final Interview,Rodrigo Gomes,Sequence,
2026-08-25 12:27:56.754,1787660508479x301371042529075000,1787660876978x461172475597251100,AVIV ,1775125002560x755091190743302100,Positive response,Positive Response,Rodrigo Gomes,Sequence,
2026-08-25 12:27:56.754,1787660508479x301371042529075000,1787660877312x810404035313399000,AVIV ,1775125002560x755091190743302100,Recruiter Screen,Recruiter Screen,Rodrigo Gomes,Sequence,
2026-08-25 12:27:56.771,1787660482385x600183287405154700,1787660882125x241217220079992300,AVIV ,1775125002560x755091190743302100,,,Rodrigo Gomes,Sequence,
2026-08-25 12:27:56.771,1787660482385x600183287405154700,1787660881879x523600257200577800,AVIV ,1775125002560x755091190743302100,,,Rodrigo Gomes,Sequence,
2026-08-25 12:27:56.771,1787660482385x600183287405154700,1787660881629x276560190797823900,AVIV ,1775125002560x755091190743302100,Hired,Hired,Rodrigo Gomes,Sequence,
2026-08-25 12:27:56.771,1787660482385x600183287405154700,1787660879593x998686620155306900,AVIV ,1775125002560x755091190743302100,Moved to ATS,Offsite,Rodrigo Gomes,Sequence,
2026-08-25 12:27:56.771,1787660482385x600183287405154700,1787660881264x682975995822120800,AVIV ,1775125002560x755091190743302100,Offer,Offer,Rodrigo Gomes,Sequence,
2026-08-25 12:27:56.771,1787660482385x600183287405154700,1787660880103x728806169441757800,AVIV ,1775125002560x755091190743302100,Onsite,Final Interview,Rodrigo Gomes,Sequence,
2026-08-25 12:27:56.771,1787660482385x600183287405154700,1787660877662x702230806852944800,AVIV ,1775125002560x755091190743302100,Positive response,Positive Response,Rodrigo Gomes,Sequence,
2026-08-25 12:27:56.771,1787660482385x600183287405154700,1787660879198x801679363539641300,AVIV ,1775125002560x755091190743302100,Recruiter Screen,Recruiter Screen,Rodrigo Gomes,Sequence,
2026-08-25 12:27:56.813,1787660465670x579862064075541600,1787660882691x282606565104407170,AVIV ,1775125002560x755091190743302100,,,Rodrigo Gomes,Sequence,
2026-08-25 12:27:56.813,1787660465670x579862064075541600,1787660883120x162061075754720740,AVIV ,1775125002560x755091190743302100,,,Rodrigo Gomes,Sequence,
2026-08-25 12:27:56.813,1787660465670x579862064075541600,1787660882205x918940702340020700,AVIV ,1775125002560x755091190743302100,Hired,Hired,Rodrigo Gomes,Sequence,
2026-08-25 12:27:56.813,1787660465670x579862064075541600,1787660880104x126167011082381820,AVIV ,1775125002560x755091190743302100,Moved to ATS,Offsite,Rodrigo Gomes,Sequence,
2026-08-25 12:27:56.813,1787660465670x579862064075541600,1787660881943x464001198058070300,AVIV ,1775125002560x755091190743302100,Offer,Offer,Rodrigo Gomes,Sequence,
2026-08-25 12:27:56.813,1787660465670x579862064075541600,1787660881059x547166256399658240,AVIV ,1775125002560x755091190743302100,Onsite,Final Interview,Rodrigo Gomes,Sequence,
2026-08-25 12:27:56.813,1787660465670x579862064075541600,1787660878138x187158806069975580,AVIV ,1775125002560x755091190743302100,Positive response,Positive Response,Rodrigo Gomes,Sequence,
2026-08-25 12:27:56.813,1787660465670x579862064075541600,1787660878554x422697461031184200,AVIV ,1775125002560x755091190743302100,Recruiter Screen,Recruiter Screen,Rodrigo Gomes,Sequence,
2026-08-25 12:27:56.832,1787660547804x579149676137883100,1787660881140x454990753681446140,AVIV ,1775125002560x755091190743302100,,,Rodrigo Gomes,Sequence,
2026-08-25 12:27:56.832,1787660547804x579149676137883100,1787660882044x391754149514743200,AVIV ,1775125002560x755091190743302100,,,Rodrigo Gomes,Sequence,
2026-08-25 12:27:56.832,1787660547804x579149676137883100,1787660879955x317544261149483400,AVIV ,1775125002560x755091190743302100,Hired,Hired,Rodrigo Gomes,Sequence,
2026-08-25 12:27:56.832,1787660547804x579149676137883100,1787660878988x387115901539527550,AVIV ,1775125002560x755091190743302100,Moved to ATS,Offsite,Rodrigo Gomes,Sequence,
2026-08-25 12:27:56.832,1787660547804x579149676137883100,1787660879702x113845695230416320,AVIV ,1775125002560x755091190743302100,Offer,Offer,Rodrigo Gomes,Sequence,
2026-08-25 12:27:56.832,1787660547804x579149676137883100,1787660879389x251926962799636770,AVIV ,1775125002560x755091190743302100,Onsite,Final Interview,Rodrigo Gomes,Sequence,
2026-08-25 12:27:56.832,1787660547804x579149676137883100,1787660877311x800165565999900900,AVIV ,1775125002560x755091190743302100,Positive response,Positive Response,Rodrigo Gomes,Sequence,
2026-08-25 12:27:56.832,1787660547804x579149676137883100,1787660878700x334133109578549570,AVIV ,1775125002560x755091190743302100,Recruiter Screen,Recruiter Screen,Rodrigo Gomes,Sequence,
2026-08-25 12:27:56.887,1787660402699x728391857897184900,1787660881250x844919483828754400,AVIV ,1775125002560x755091190743302100,,,Rodrigo Gomes,Sequence,
2026-08-25 12:27:56.887,1787660402699x728391857897184900,1787660882046x525695252051402700,AVIV ,1775125002560x755091190743302100,,,Rodrigo Gomes,Sequence,
2026-08-25 12:27:56.887,1787660402699x728391857897184900,1787660880216x407521697554358100,AVIV ,1775125002560x755091190743302100,Hired,Hired,Rodrigo Gomes,Sequence,
2026-08-25 12:27:56.887,1787660402699x728391857897184900,1787660878015x561944526147672100,AVIV ,1775125002560x755091190743302100,Moved to ATS,Offsite,Rodrigo Gomes,Sequence,
2026-08-25 12:27:56.887,1787660402699x728391857897184900,1787660879949x773926653333372800,AVIV ,1775125002560x755091190743302100,Offer,Offer,Rodrigo Gomes,Sequence,
2026-08-25 12:27:56.887,1787660402699x728391857897184900,1787660879748x941080433786488700,AVIV ,1775125002560x755091190743302100,Onsite,Final Interview,Rodrigo Gomes,Sequence,
2026-08-25 12:27:56.887,1787660402699x728391857897184900,1787660877145x890884735687973600,AVIV ,1775125002560x755091190743302100,Positive response,Positive Response,Rodrigo Gomes,Sequence,
2026-08-25 12:27:56.887,1787660402699x728391857897184900,1787660877748x837981547492082800,AVIV ,1775125002560x755091190743302100,Recruiter Screen,Recruiter Screen,Rodrigo Gomes,Sequence,
2026-08-25 12:27:56.940,1787660385772x970521601976845000,1787660881521x873464070958076300,AVIV ,1775125002560x755091190743302100,,,Rodrigo Gomes,Sequence,
2026-08-25 12:27:56.940,1787660385772x970521601976845000,1787660881088x446076910684742850,AVIV ,1775125002560x755091190743302100,,,Rodrigo Gomes,Sequence,
2026-08-25 12:27:56.940,1787660385772x970521601976845000,1787660880765x341302797380705500,AVIV ,1775125002560x755091190743302100,Hired,Hired,Rodrigo Gomes,Sequence,
2026-08-25 12:27:56.940,1787660385772x970521601976845000,1787660878835x181019437744443400,AVIV ,1775125002560x755091190743302100,Moved to ATS,Offsite,Rodrigo Gomes,Sequence,
2026-08-25 12:27:56.940,1787660385772x970521601976845000,1787660879515x526272209464923900,AVIV ,1775125002560x755091190743302100,Offer,Offer,Rodrigo Gomes,Sequence,
2026-08-25 12:27:56.940,1787660385772x970521601976845000,1787660879257x516124157801248960,AVIV ,1775125002560x755091190743302100,Onsite,Final Interview,Rodrigo Gomes,Sequence,
2026-08-25 12:27:56.940,1787660385772x970521601976845000,1787660877157x905860691553550700,AVIV ,1775125002560x755091190743302100,Positive response,Positive Response,Rodrigo Gomes,Sequence,
2026-08-25 12:27:56.940,1787660385772x970521601976845000,1787660878427x182992886629526720,AVIV ,1775125002560x755091190743302100,Recruiter Screen,Recruiter Screen,Rodrigo Gomes,Sequence,
2026-08-25 12:27:56.962,1787660522402x762483584574998000,1787660881276x866340440151116300,AVIV ,1775125002560x755091190743302100,,,Rodrigo Gomes,Sequence,
2026-08-25 12:27:56.962,1787660522402x762483584574998000,1787660880901x307854871164215040,AVIV ,1775125002560x755091190743302100,,,Rodrigo Gomes,Sequence,
2026-08-25 12:27:56.962,1787660522402x762483584574998000,1787660879502x311251087418145100,AVIV ,1775125002560x755091190743302100,Hired,Hired,Rodrigo Gomes,Sequence,
2026-08-25 12:27:56.962,1787660522402x762483584574998000,1787660878498x958403304791833500,AVIV ,1775125002560x755091190743302100,Moved to ATS,Offsite,Rodrigo Gomes,Sequence,
2026-08-25 12:27:56.962,1787660522402x762483584574998000,1787660879195x362485308094015360,AVIV ,1775125002560x755091190743302100,Offer,Offer,Rodrigo Gomes,Sequence,
2026-08-25 12:27:56.962,1787660522402x762483584574998000,1787660878861x723475073268275700,AVIV ,1775125002560x755091190743302100,Onsite,Final Interview,Rodrigo Gomes,Sequence,
2026-08-25 12:27:56.962,1787660522402x762483584574998000,1787660877258x570821523468475000,AVIV ,1775125002560x755091190743302100,Positive response,Positive Response,Rodrigo Gomes,Sequence,
2026-08-25 12:27:56.962,1787660522402x762483584574998000,1787660878213x984224600174615200,AVIV ,1775125002560x755091190743302100,Recruiter Screen,Recruiter Screen,Rodrigo Gomes,Sequence,
2026-08-25 12:27:57.231,1787660283090x986487496121966300,1787660882846x516161629314321400,AVIV ,1775125002560x755091190743302100,,,Rodrigo Gomes,Sequence,
2026-08-25 12:27:57.231,1787660283090x986487496121966300,1787660883451x496335701859226240,AVIV ,1775125002560x755091190743302100,,,Rodrigo Gomes,Sequence,
2026-08-25 12:27:57.231,1787660283090x986487496121966300,1787660881962x336016312200949800,AVIV ,1775125002560x755091190743302100,Hired,Hired,Rodrigo Gomes,Sequence,
2026-08-25 12:27:57.231,1787660283090x986487496121966300,1787660880188x945302160736758000,AVIV ,1775125002560x755091190743302100,Moved to ATS,Offsite,Rodrigo Gomes,Sequence,
2026-08-25 12:27:57.231,1787660283090x986487496121966300,1787660881522x304782960112386360,AVIV ,1775125002560x755091190743302100,Offer,Offer,Rodrigo Gomes,Sequence,
2026-08-25 12:27:57.231,1787660283090x986487496121966300,1787660881188x761265355915354900,AVIV ,1775125002560x755091190743302100,Onsite,Final Interview,Rodrigo Gomes,Sequence,
2026-08-25 12:27:57.231,1787660283090x986487496121966300,1787660877417x254254622133820220,AVIV ,1775125002560x755091190743302100,Positive response,Positive Response,Rodrigo Gomes,Sequence,
2026-08-25 12:27:57.231,1787660283090x986487496121966300,1787660878731x306418048943104800,AVIV ,1775125002560x755091190743302100,Recruiter Screen,Recruiter Screen,Rodrigo Gomes,Sequence,
2026-08-25 12:27:57.369,1787660318952x957955725365614300,1787660883520x562856360347207000,AVIV ,1775125002560x755091190743302100,,,Rodrigo Gomes,Sequence,
2026-08-25 12:27:57.369,1787660318952x957955725365614300,1787660883271x799276768234549100,AVIV ,1775125002560x755091190743302100,,,Rodrigo Gomes,Sequence,
2026-08-25 12:27:57.369,1787660318952x957955725365614300,1787660882945x262215045535402880,AVIV ,1775125002560x755091190743302100,Hired,Hired,Rodrigo Gomes,Sequence,
2026-08-25 12:27:57.369,1787660318952x957955725365614300,1787660880978x651040959015175600,AVIV ,1775125002560x755091190743302100,Moved to ATS,Offsite,Rodrigo Gomes,Sequence,
2026-08-25 12:27:57.369,1787660318952x957955725365614300,1787660882533x463955659670050000,AVIV ,1775125002560x755091190743302100,Offer,Offer,Rodrigo Gomes,Sequence,
2026-08-25 12:27:57.369,1787660318952x957955725365614300,1787660882098x503845996429950200,AVIV ,1775125002560x755091190743302100,Onsite,Final Interview,Rodrigo Gomes,Sequence,
2026-08-25 12:27:57.369,1787660318952x957955725365614300,1787660877863x915162788585099500,AVIV ,1775125002560x755091190743302100,Positive response,Positive Response,Rodrigo Gomes,Sequence,
2026-08-25 12:27:57.369,1787660318952x957955725365614300,1787660879748x137027623002443420,AVIV ,1775125002560x755091190743302100,Recruiter Screen,Recruiter Screen,Rodrigo Gomes,Sequence,
2026-08-25 12:27:57.387,1787660349430x288094608662164060,1787660882437x164263947775443740,AVIV ,1775125002560x755091190743302100,,,Rodrigo Gomes,Sequence,
2026-08-25 12:27:57.387,1787660349430x288094608662164060,1787660882752x423479433897499840,AVIV ,1775125002560x755091190743302100,,,Rodrigo Gomes,Sequence,
2026-08-25 12:27:57.387,1787660349430x288094608662164060,1787660882190x341457423749060840,AVIV ,1775125002560x755091190743302100,Hired,Hired,Rodrigo Gomes,Sequence,
2026-08-25 12:27:57.387,1787660349430x288094608662164060,1787660881186x717754223859695900,AVIV ,1775125002560x755091190743302100,Moved to ATS,Offsite,Rodrigo Gomes,Sequence,
2026-08-25 12:27:57.387,1787660349430x288094608662164060,1787660881814x994565328445945900,AVIV ,1775125002560x755091190743302100,Offer,Offer,Rodrigo Gomes,Sequence,
2026-08-25 12:27:57.387,1787660349430x288094608662164060,1787660881495x723380240442808000,AVIV ,1775125002560x755091190743302100,Onsite,Final Interview,Rodrigo Gomes,Sequence,
2026-08-25 12:27:57.387,1787660349430x288094608662164060,1787660878336x402330976211634300,AVIV ,1775125002560x755091190743302100,Positive response,Positive Response,Rodrigo Gomes,Sequence,
2026-08-25 12:27:57.387,1787660349430x288094608662164060,1787660880633x702207989478598700,AVIV ,1775125002560x755091190743302100,Recruiter Screen,Recruiter Screen,Rodrigo Gomes,Sequence,
2026-08-25 12:27:57.424,1787660496761x201390620497531740,1787660884379x877541572195273500,AVIV ,1775125002560x755091190743302100,,,Rodrigo Gomes,Sequence,
2026-08-25 12:27:57.424,1787660496761x201390620497531740,1787660883549x939262872436778600,AVIV ,1775125002560x755091190743302100,,,Rodrigo Gomes,Sequence,
2026-08-25 12:27:57.424,1787660496761x201390620497531740,1787660883028x269169290128264740,AVIV ,1775125002560x755091190743302100,Hired,Hired,Rodrigo Gomes,Sequence,
2026-08-25 12:27:57.424,1787660496761x201390620497531740,1787660881618x517645302028571650,AVIV ,1775125002560x755091190743302100,Moved to ATS,Offsite,Rodrigo Gomes,Sequence,
2026-08-25 12:27:57.424,1787660496761x201390620497531740,1787660882540x930185011814220800,AVIV ,1775125002560x755091190743302100,Offer,Offer,Rodrigo Gomes,Sequence,
2026-08-25 12:27:57.424,1787660496761x201390620497531740,1787660882111x712317057340087400,AVIV ,1775125002560x755091190743302100,Onsite,Final Interview,Rodrigo Gomes,Sequence,
2026-08-25 12:27:57.424,1787660496761x201390620497531740,1787660879226x545507872421116400,AVIV ,1775125002560x755091190743302100,Positive response,Positive Response,Rodrigo Gomes,Sequence,
2026-08-25 12:27:57.424,1787660496761x201390620497531740,1787660880676x323213116546438000,AVIV ,1775125002560x755091190743302100,Recruiter Screen,Recruiter Screen,Rodrigo Gomes,Sequence,
2026-08-25 12:27:57.783,1787660371667x428858931502311940,1787660883011x435529610900817540,AVIV ,1775125002560x755091190743302100,,,Rodrigo Gomes,Sequence,
2026-08-25 12:27:57.783,1787660371667x428858931502311940,1787660882703x156982400662206900,AVIV ,1775125002560x755091190743302100,,,Rodrigo Gomes,Sequence,
2026-08-25 12:27:57.783,1787660371667x428858931502311940,1787660882446x860171666132880000,AVIV ,1775125002560x755091190743302100,Hired,Hired,Rodrigo Gomes,Sequence,
2026-08-25 12:27:57.783,1787660371667x428858931502311940,1787660879822x893881868217572900,AVIV ,1775125002560x755091190743302100,Moved to ATS,Offsite,Rodrigo Gomes,Sequence,
2026-08-25 12:27:57.783,1787660371667x428858931502311940,1787660882123x870297737009874300,AVIV ,1775125002560x755091190743302100,Offer,Offer,Rodrigo Gomes,Sequence,
2026-08-25 12:27:57.783,1787660371667x428858931502311940,1787660881037x711837855980636900,AVIV ,1775125002560x755091190743302100,Onsite,Final Interview,Rodrigo Gomes,Sequence,
2026-08-25 12:27:57.783,1787660371667x428858931502311940,1787660878002x140808946282890750,AVIV ,1775125002560x755091190743302100,Positive response,Positive Response,Rodrigo Gomes,Sequence,
2026-08-25 12:27:57.783,1787660371667x428858931502311940,1787660878212x474901671199106100,AVIV ,1775125002560x755091190743302100,Recruiter Screen,Recruiter Screen,Rodrigo Gomes,Sequence,
2026-08-25 12:27:57.852,1787660260361x945960412839540700,1787660883707x529359659511857700,AVIV ,1775125002560x755091190743302100,,,Rodrigo Gomes,Sequence,
2026-08-25 12:27:57.852,1787660260361x945960412839540700,1787660883985x921296149151821400,AVIV ,1775125002560x755091190743302100,,,Rodrigo Gomes,Sequence,
2026-08-25 12:27:57.852,1787660260361x945960412839540700,1787660883055x482479077997498400,AVIV ,1775125002560x755091190743302100,Hired,Hired,Rodrigo Gomes,Sequence,
2026-08-25 12:27:57.852,1787660260361x945960412839540700,1787660880923x567670173081218370,AVIV ,1775125002560x755091190743302100,Moved to ATS,Offsite,Rodrigo Gomes,Sequence,
2026-08-25 12:27:57.852,1787660260361x945960412839540700,1787660882547x475629226188534400,AVIV ,1775125002560x755091190743302100,Offer,Offer,Rodrigo Gomes,Sequence,
2026-08-25 12:27:57.852,1787660260361x945960412839540700,1787660882033x158070211086073000,AVIV ,1775125002560x755091190743302100,Onsite,Final Interview,Rodrigo Gomes,Sequence,
2026-08-25 12:27:57.852,1787660260361x945960412839540700,1787660879552x419188169660758660,AVIV ,1775125002560x755091190743302100,Positive response,Positive Response,Rodrigo Gomes,Sequence,
2026-08-25 12:27:57.852,1787660260361x945960412839540700,1787660879909x469569664001846100,AVIV ,1775125002560x755091190743302100,Recruiter Screen,Recruiter Screen,Rodrigo Gomes,Sequence,
2026-08-25 12:27:57.861,1787660328139x807727971244461400,1787660883702x188054410319074880,AVIV ,1775125002560x755091190743302100,,,Rodrigo Gomes,Sequence,
2026-08-25 12:27:57.861,1787660328139x807727971244461400,1787660883439x539289127339541950,AVIV ,1775125002560x755091190743302100,,,Rodrigo Gomes,Sequence,
2026-08-25 12:27:57.861,1787660328139x807727971244461400,1787660883124x221066110291759940,AVIV ,1775125002560x755091190743302100,Hired,Hired,Rodrigo Gomes,Sequence,
2026-08-25 12:27:57.861,1787660328139x807727971244461400,1787660880559x164591646234577570,AVIV ,1775125002560x755091190743302100,Moved to ATS,Offsite,Rodrigo Gomes,Sequence,
2026-08-25 12:27:57.861,1787660328139x807727971244461400,1787660882555x983892661492742400,AVIV ,1775125002560x755091190743302100,Offer,Offer,Rodrigo Gomes,Sequence,
2026-08-25 12:27:57.861,1787660328139x807727971244461400,1787660881634x238908636877233280,AVIV ,1775125002560x755091190743302100,Onsite,Final Interview,Rodrigo Gomes,Sequence,
2026-08-25 12:27:57.861,1787660328139x807727971244461400,1787660879665x791469281498173200,AVIV ,1775125002560x755091190743302100,Positive response,Positive Response,Rodrigo Gomes,Sequence,
2026-08-25 12:27:57.861,1787660328139x807727971244461400,1787660880326x554602985131167100,AVIV ,1775125002560x755091190743302100,Recruiter Screen,Recruiter Screen,Rodrigo Gomes,Sequence,
2026-08-25 12:27:57.961,1787660272565x722457485653845200,1787660881807x836716360055536300,AVIV ,1775125002560x755091190743302100,,,Rodrigo Gomes,Sequence,
2026-08-25 12:27:57.961,1787660272565x722457485653845200,1787660882178x419019670932883260,AVIV ,1775125002560x755091190743302100,,,Rodrigo Gomes,Sequence,
2026-08-25 12:27:57.961,1787660272565x722457485653845200,1787660881516x460526124377087740,AVIV ,1775125002560x755091190743302100,Hired,Hired,Rodrigo Gomes,Sequence,
2026-08-25 12:27:57.961,1787660272565x722457485653845200,1787660880388x717055458176317800,AVIV ,1775125002560x755091190743302100,Moved to ATS,Offsite,Rodrigo Gomes,Sequence,
2026-08-25 12:27:57.961,1787660272565x722457485653845200,1787660881227x480620856855118000,AVIV ,1775125002560x755091190743302100,Offer,Offer,Rodrigo Gomes,Sequence,
2026-08-25 12:27:57.961,1787660272565x722457485653845200,1787660880964x637066276691900200,AVIV ,1775125002560x755091190743302100,Onsite,Final Interview,Rodrigo Gomes,Sequence,
2026-08-25 12:27:57.961,1787660272565x722457485653845200,1787660879286x601228780325593360,AVIV ,1775125002560x755091190743302100,Positive response,Positive Response,Rodrigo Gomes,Sequence,
2026-08-25 12:27:57.961,1787660272565x722457485653845200,1787660879535x308409455283422460,AVIV ,1775125002560x755091190743302100,Recruiter Screen,Recruiter Screen,Rodrigo Gomes,Sequence,
2026-08-25 12:27:57.977,1787660294126x261607242173838240,1787660883070x798720568273348700,AVIV ,1775125002560x755091190743302100,,,Rodrigo Gomes,Sequence,
2026-08-25 12:27:57.977,1787660294126x261607242173838240,1787660883345x702517122394308300,AVIV ,1775125002560x755091190743302100,,,Rodrigo Gomes,Sequence,
2026-08-25 12:27:57.977,1787660294126x261607242173838240,1787660882631x699950763882277800,AVIV ,1775125002560x755091190743302100,Hired,Hired,Rodrigo Gomes,Sequence,
2026-08-25 12:27:57.977,1787660294126x261607242173838240,1787660881314x140354352942404720,AVIV ,1775125002560x755091190743302100,Moved to ATS,Offsite,Rodrigo Gomes,Sequence,
2026-08-25 12:27:57.977,1787660294126x261607242173838240,1787660882404x211066572615910000,AVIV ,1775125002560x755091190743302100,Offer,Offer,Rodrigo Gomes,Sequence,
2026-08-25 12:27:57.977,1787660294126x261607242173838240,1787660881881x664305564343168500,AVIV ,1775125002560x755091190743302100,Onsite,Final Interview,Rodrigo Gomes,Sequence,
2026-08-25 12:27:57.977,1787660294126x261607242173838240,1787660879649x567820269113226100,AVIV ,1775125002560x755091190743302100,Positive response,Positive Response,Rodrigo Gomes,Sequence,
2026-08-25 12:27:57.977,1787660294126x261607242173838240,1787660880873x501811676410310660,AVIV ,1775125002560x755091190743302100,Recruiter Screen,Recruiter Screen,Rodrigo Gomes,Sequence,
2026-08-25 12:27:58.051,1787660306022x327687908381196350,1787660881662x120601891969397860,AVIV ,1775125002560x755091190743302100,,,Rodrigo Gomes,Sequence,
2026-08-25 12:27:58.051,1787660306022x327687908381196350,1787660882113x580770086023741000,AVIV ,1775125002560x755091190743302100,,,Rodrigo Gomes,Sequence,
2026-08-25 12:27:58.051,1787660306022x327687908381196350,1787660881357x457093797183948160,AVIV ,1775125002560x755091190743302100,Hired,Hired,Rodrigo Gomes,Sequence,
2026-08-25 12:27:58.051,1787660306022x327687908381196350,1787660879209x970375607854838700,AVIV ,1775125002560x755091190743302100,Moved to ATS,Offsite,Rodrigo Gomes,Sequence,
2026-08-25 12:27:58.051,1787660306022x327687908381196350,1787660881059x674642256375284700,AVIV ,1775125002560x755091190743302100,Offer,Offer,Rodrigo Gomes,Sequence,
2026-08-25 12:27:58.051,1787660306022x327687908381196350,1787660880701x868355895211938300,AVIV ,1775125002560x755091190743302100,Onsite,Final Interview,Rodrigo Gomes,Sequence,
2026-08-25 12:27:58.051,1787660306022x327687908381196350,1787660878494x630336942413049200,AVIV ,1775125002560x755091190743302100,Positive response,Positive Response,Rodrigo Gomes,Sequence,
2026-08-25 12:27:58.051,1787660306022x327687908381196350,1787660878877x645875654355307600,AVIV ,1775125002560x755091190743302100,Recruiter Screen,Recruiter Screen,Rodrigo Gomes,Sequence,
2026-08-25 12:27:58.145,1787660339425x604874611717780400,1787660883041x194350458641394880,AVIV ,1775125002560x755091190743302100,,,Rodrigo Gomes,Sequence,
2026-08-25 12:27:58.145,1787660339425x604874611717780400,1787660882736x776936363369214100,AVIV ,1775125002560x755091190743302100,,,Rodrigo Gomes,Sequence,
2026-08-25 12:27:58.145,1787660339425x604874611717780400,1787660882019x809714911167235500,AVIV ,1775125002560x755091190743302100,Hired,Hired,Rodrigo Gomes,Sequence,
2026-08-25 12:27:58.145,1787660339425x604874611717780400,1787660880997x641414606869887900,AVIV ,1775125002560x755091190743302100,Moved to ATS,Offsite,Rodrigo Gomes,Sequence,
2026-08-25 12:27:58.145,1787660339425x604874611717780400,1787660881506x596623780638639900,AVIV ,1775125002560x755091190743302100,Offer,Offer,Rodrigo Gomes,Sequence,
2026-08-25 12:27:58.145,1787660339425x604874611717780400,1787660881218x735222458656861100,AVIV ,1775125002560x755091190743302100,Onsite,Final Interview,Rodrigo Gomes,Sequence,
2026-08-25 12:27:58.145,1787660339425x604874611717780400,1787660879729x909260647081267500,AVIV ,1775125002560x755091190743302100,Positive response,Positive Response,Rodrigo Gomes,Sequence,
2026-08-25 12:27:58.145,1787660339425x604874611717780400,1787660879962x811985043654772600,AVIV ,1775125002560x755091190743302100,Recruiter Screen,Recruiter Screen,Rodrigo Gomes,Sequence,
2026-08-25 12:27:58.161,1787660245559x959437315476500600,1787660882342x375232228576414300,AVIV ,1775125002560x755091190743302100,,,Rodrigo Gomes,Sequence,
2026-08-25 12:27:58.161,1787660245559x959437315476500600,1787660882900x767455917752077400,AVIV ,1775125002560x755091190743302100,,,Rodrigo Gomes,Sequence,
2026-08-25 12:27:58.161,1787660245559x959437315476500600,1787660882046x359981446690831320,AVIV ,1775125002560x755091190743302100,Hired,Hired,Rodrigo Gomes,Sequence,
2026-08-25 12:27:58.161,1787660245559x959437315476500600,1787660880399x623187701208657500,AVIV ,1775125002560x755091190743302100,Moved to ATS,Offsite,Rodrigo Gomes,Sequence,
2026-08-25 12:27:58.161,1787660245559x959437315476500600,1787660881798x970317307795577700,AVIV ,1775125002560x755091190743302100,Offer,Offer,Rodrigo Gomes,Sequence,
2026-08-25 12:27:58.161,1787660245559x959437315476500600,1787660881556x486321131105503800,AVIV ,1775125002560x755091190743302100,Onsite,Final Interview,Rodrigo Gomes,Sequence,
2026-08-25 12:27:58.161,1787660245559x959437315476500600,1787660878673x568088375563548400,AVIV ,1775125002560x755091190743302100,Positive response,Positive Response,Rodrigo Gomes,Sequence,
2026-08-25 12:27:58.161,1787660245559x959437315476500600,1787660879110x671281665917097200,AVIV ,1775125002560x755091190743302100,Recruiter Screen,Recruiter Screen,Rodrigo Gomes,Sequence,
2026-08-25 12:27:58.243,1787660235554x978044535428256300,1787660882144x522026894075566600,AVIV ,1775125002560x755091190743302100,,,Rodrigo Gomes,Sequence,
2026-08-25 12:27:58.243,1787660235554x978044535428256300,1787660882641x192507268190483140,AVIV ,1775125002560x755091190743302100,,,Rodrigo Gomes,Sequence,
2026-08-25 12:27:58.243,1787660235554x978044535428256300,1787660881524x774054216675479400,AVIV ,1775125002560x755091190743302100,Hired,Hired,Rodrigo Gomes,Sequence,
2026-08-25 12:27:58.243,1787660235554x978044535428256300,1787660880478x783899701210799500,AVIV ,1775125002560x755091190743302100,Moved to ATS,Offsite,Rodrigo Gomes,Sequence,
2026-08-25 12:27:58.243,1787660235554x978044535428256300,1787660881142x547265415278062100,AVIV ,1775125002560x755091190743302100,Offer,Offer,Rodrigo Gomes,Sequence,
2026-08-25 12:27:58.243,1787660235554x978044535428256300,1787660880866x196169273785553600,AVIV ,1775125002560x755091190743302100,Onsite,Final Interview,Rodrigo Gomes,Sequence,
2026-08-25 12:27:58.243,1787660235554x978044535428256300,1787660878668x428278606061546430,AVIV ,1775125002560x755091190743302100,Positive response,Positive Response,Rodrigo Gomes,Sequence,
2026-08-25 12:27:58.243,1787660235554x978044535428256300,1787660880231x836653047129658600,AVIV ,1775125002560x755091190743302100,Recruiter Screen,Recruiter Screen,Rodrigo Gomes,Sequence,
2026-08-25 12:27:58.244,1787660219992x477375950696680600,1787660882865x874894426652851600,AVIV ,1775125002560x755091190743302100,,,Rodrigo Gomes,Sequence,
2026-08-25 15:54:09.683,1787673030840x164434929801335900,1787673254131x935195513210808600,AVIV ,1778238210297x617135774419124200,,,Mikhail Kuzmin,Sequence,
2026-08-25 15:54:09.683,1787673030840x164434929801335900,1787673253884x325649698502196160,AVIV ,1778238210297x617135774419124200,,,Mikhail Kuzmin,Sequence,
2026-08-25 15:54:09.683,1787673030840x164434929801335900,1787673253672x601553140545533700,AVIV ,1778238210297x617135774419124200,Hired,Hired,Mikhail Kuzmin,Sequence,
2026-08-25 15:54:09.683,1787673030840x164434929801335900,1787673252773x135790718166084460,AVIV ,1778238210297x617135774419124200,Moved to ATS,Offsite,Mikhail Kuzmin,Sequence,
2026-08-25 15:54:09.683,1787673030840x164434929801335900,1787673253373x262102203788585860,AVIV ,1778238210297x617135774419124200,Offer,Offer,Mikhail Kuzmin,Sequence,
2026-08-25 15:54:09.683,1787673030840x164434929801335900,1787673253021x941680553310597600,AVIV ,1778238210297x617135774419124200,Onsite,Final Interview,Mikhail Kuzmin,Sequence,
2026-08-25 15:54:09.683,1787673030840x164434929801335900,1787673250605x492206197509309060,AVIV ,1778238210297x617135774419124200,Positive response,Positive Response,Mikhail Kuzmin,Sequence,
2026-08-25 15:54:09.683,1787673030840x164434929801335900,1787673251874x654892054606628400,AVIV ,1778238210297x617135774419124200,Positive response,Positive Response,Mikhail Kuzmin,Sequence,
2026-08-25 15:54:09.683,1787673030840x164434929801335900,1787673252457x364007722918895400,AVIV ,1778238210297x617135774419124200,Recruiter Screen,Recruiter Screen,Mikhail Kuzmin,Sequence,
2026-08-25 15:54:09.683,1787673030840x164434929801335900,1787673251274x113239103436699970,AVIV ,1778238210297x617135774419124200,Sequence,Positive Response,Mikhail Kuzmin,Sequence,
2026-08-25 15:54:09.697,1787673031872x615298235950540500,1787673253630x507798725617931500,AVIV ,1778238210297x617135774419124200,,,Mikhail Kuzmin,Sequence,
2026-08-25 15:54:09.697,1787673031872x615298235950540500,1787673253387x129600608562138620,AVIV ,1778238210297x617135774419124200,,,Mikhail Kuzmin,Sequence,
2026-08-25 15:54:09.697,1787673031872x615298235950540500,1787673253111x122071408134292180,AVIV ,1778238210297x617135774419124200,Hired,Hired,Mikhail Kuzmin,Sequence,
2026-08-25 15:54:09.697,1787673031872x615298235950540500,1787673251607x395336752136631740,AVIV ,1778238210297x617135774419124200,Moved to ATS,Offsite,Mikhail Kuzmin,Sequence,
2026-08-25 15:54:09.697,1787673031872x615298235950540500,1787673252665x235158484670432640,AVIV ,1778238210297x617135774419124200,Offer,Offer,Mikhail Kuzmin,Sequence,
2026-08-25 15:54:09.697,1787673031872x615298235950540500,1787673252046x351883246878907900,AVIV ,1778238210297x617135774419124200,Onsite,Final Interview,Mikhail Kuzmin,Sequence,
2026-08-25 15:54:09.697,1787673031872x615298235950540500,1787673250914x851237642913471900,AVIV ,1778238210297x617135774419124200,Positive response,Positive Response,Mikhail Kuzmin,Sequence,
2026-08-25 15:54:09.697,1787673031872x615298235950540500,1787673250103x922787327685299300,AVIV ,1778238210297x617135774419124200,Positive response,Positive Response,Mikhail Kuzmin,Sequence,
2026-08-25 15:54:09.697,1787673031872x615298235950540500,1787673251288x885756519761944200,AVIV ,1778238210297x617135774419124200,Recruiter Screen,Recruiter Screen,Mikhail Kuzmin,Sequence,
2026-08-25 15:54:09.697,1787673031872x615298235950540500,1787673250499x188215852980980770,AVIV ,1778238210297x617135774419124200,Sequence,Positive Response,Mikhail Kuzmin,Sequence,
2026-08-25 15:54:09.817,1787673029911x535170670664612400,1787673253884x796404652288314100,AVIV ,1778238210297x617135774419124200,,,Mikhail Kuzmin,Sequence,
2026-08-25 15:54:09.817,1787673029911x535170670664612400,1787673253573x234093232719542620,AVIV ,1778238210297x617135774419124200,,,Mikhail Kuzmin,Sequence,
2026-08-25 15:54:09.817,1787673029911x535170670664612400,1787673253355x722766460002803800,AVIV ,1778238210297x617135774419124200,Hired,Hired,Mikhail Kuzmin,Sequence,
2026-08-25 15:54:09.817,1787673029911x535170670664612400,1787673252363x682095810732952200,AVIV ,1778238210297x617135774419124200,Moved to ATS,Offsite,Mikhail Kuzmin,Sequence,
2026-08-25 15:54:09.817,1787673029911x535170670664612400,1787673253038x340921317535453500,AVIV ,1778238210297x617135774419124200,Offer,Offer,Mikhail Kuzmin,Sequence,
2026-08-25 15:54:09.817,1787673029911x535170670664612400,1787673252714x149824659418180900,AVIV ,1778238210297x617135774419124200,Onsite,Final Interview,Mikhail Kuzmin,Sequence,
2026-08-25 15:54:09.817,1787673029911x535170670664612400,1787673250666x276367987941691800,AVIV ,1778238210297x617135774419124200,Positive response,Positive Response,Mikhail Kuzmin,Sequence,
2026-08-25 15:54:09.817,1787673029911x535170670664612400,1787673250076x178296130315216420,AVIV ,1778238210297x617135774419124200,Positive response,Positive Response,Mikhail Kuzmin,Sequence,
2026-08-25 15:54:09.817,1787673029911x535170670664612400,1787673251033x367820514445283700,AVIV ,1778238210297x617135774419124200,Recruiter Screen,Recruiter Screen,Mikhail Kuzmin,Sequence,
2026-08-25 15:54:09.817,1787673029911x535170670664612400,1787673250315x387542383184104700,AVIV ,1778238210297x617135774419124200,Sequence,Positive Response,Mikhail Kuzmin,Sequence,
2026-08-25 15:54:09.999,1787673029032x419643275724505660,1787673255003x770069051131896300,AVIV ,1778238210297x617135774419124200,,,Mikhail Kuzmin,Sequence,
2026-08-25 15:54:09.999,1787673029032x419643275724505660,1787673254736x497257710407624600,AVIV ,1778238210297x617135774419124200,,,Mikhail Kuzmin,Sequence,
2026-08-25 15:54:09.999,1787673029032x419643275724505660,1787673254405x804315416297815200,AVIV ,1778238210297x617135774419124200,Hired,Hired,Mikhail Kuzmin,Sequence,
2026-08-25 15:54:09.999,1787673029032x419643275724505660,1787673252927x910858101161377300,AVIV ,1778238210297x617135774419124200,Moved to ATS,Offsite,Mikhail Kuzmin,Sequence,
2026-08-25 15:54:09.999,1787673029032x419643275724505660,1787673254015x594336630490316200,AVIV ,1778238210297x617135774419124200,Offer,Offer,Mikhail Kuzmin,Sequence,
2026-08-25 15:54:09.999,1787673029032x419643275724505660,1787673253437x428691099952782400,AVIV ,1778238210297x617135774419124200,Onsite,Final Interview,Mikhail Kuzmin,Sequence,
2026-08-25 15:54:09.999,1787673029032x419643275724505660,1787673251880x930188374059970400,AVIV ,1778238210297x617135774419124200,Positive response,Positive Response,Mikhail Kuzmin,Sequence,
2026-08-25 15:54:09.999,1787673029032x419643275724505660,1787673250345x629968277270647800,AVIV ,1778238210297x617135774419124200,Positive response,Positive Response,Mikhail Kuzmin,Sequence,
2026-08-25 15:54:09.999,1787673029032x419643275724505660,1787673252435x133144033201788580,AVIV ,1778238210297x617135774419124200,Recruiter Screen,Recruiter Screen,Mikhail Kuzmin,Sequence,
2026-08-25 15:54:09.999,1787673029032x419643275724505660,1787673251233x524783883447310660,AVIV ,1778238210297x617135774419124200,Sequence,Positive Response,Mikhail Kuzmin,Sequence,
2026-08-25 15:54:10.110,1787673027146x376484865481266050,1787673253622x787855424412032600,AVIV ,1778238210297x617135774419124200,,,Mikhail Kuzmin,Sequence,
2026-08-25 15:54:10.110,1787673027146x376484865481266050,1787673253924x117730904325890060,AVIV ,1778238210297x617135774419124200,,,Mikhail Kuzmin,Sequence,
2026-08-25 15:54:10.110,1787673027146x376484865481266050,1787673253354x889778389665368600,AVIV ,1778238210297x617135774419124200,Hired,Hired,Mikhail Kuzmin,Sequence,
2026-08-25 15:54:10.110,1787673027146x376484865481266050,1787673252409x761151140190486700,AVIV ,1778238210297x617135774419124200,Moved to ATS,Offsite,Mikhail Kuzmin,Sequence,
2026-08-25 15:54:10.110,1787673027146x376484865481266050,1787673253123x678457869594866400,AVIV ,1778238210297x617135774419124200,Offer,Offer,Mikhail Kuzmin,Sequence,
2026-08-25 15:54:10.110,1787673027146x376484865481266050,1787673252816x752342294946758100,AVIV ,1778238210297x617135774419124200,Onsite,Final Interview,Mikhail Kuzmin,Sequence,
2026-08-25 15:54:10.110,1787673027146x376484865481266050,1787673251461x465630109500355650,AVIV ,1778238210297x617135774419124200,Positive response,Positive Response,Mikhail Kuzmin,Sequence,
2026-08-25 15:54:10.110,1787673027146x376484865481266050,1787673250414x768618370746551300,AVIV ,1778238210297x617135774419124200,Positive response,Positive Response,Mikhail Kuzmin,Sequence,
2026-08-25 15:54:10.110,1787673027146x376484865481266050,1787673251930x699932697756631400,AVIV ,1778238210297x617135774419124200,Recruiter Screen,Recruiter Screen,Mikhail Kuzmin,Sequence,
2026-08-25 15:54:10.110,1787673027146x376484865481266050,1787673250794x600202707980930200,AVIV ,1778238210297x617135774419124200,Sequence,Positive Response,Mikhail Kuzmin,Sequence,
2026-08-25 15:54:10.130,1787673028250x114558423124466960,1787673254928x783485233295975800,AVIV ,1778238210297x617135774419124200,,,Mikhail Kuzmin,Sequence,
2026-08-25 15:54:10.130,1787673028250x114558423124466960,1787673254529x515606087802312100,AVIV ,1778238210297x617135774419124200,,,Mikhail Kuzmin,Sequence,
2026-08-25 15:54:10.130,1787673028250x114558423124466960,1787673254037x836509713984562300,AVIV ,1778238210297x617135774419124200,Hired,Hired,Mikhail Kuzmin,Sequence,
2026-08-25 15:54:10.130,1787673028250x114558423124466960,1787673252723x322066699315868900,AVIV ,1778238210297x617135774419124200,Moved to ATS,Offsite,Mikhail Kuzmin,Sequence,
2026-08-25 15:54:10.130,1787673028250x114558423124466960,1787673253491x344763774484802000,AVIV ,1778238210297x617135774419124200,Offer,Offer,Mikhail Kuzmin,Sequence,
2026-08-25 15:54:10.130,1787673028250x114558423124466960,1787673253111x181515423634719170,AVIV ,1778238210297x617135774419124200,Onsite,Final Interview,Mikhail Kuzmin,Sequence,
2026-08-25 15:54:10.130,1787673028250x114558423124466960,1787673250595x998239668768793600,AVIV ,1778238210297x617135774419124200,Positive response,Positive Response,Mikhail Kuzmin,Sequence,
2026-08-25 15:54:10.130,1787673028250x114558423124466960,1787673251686x132114473773215840,AVIV ,1778238210297x617135774419124200,Positive response,Positive Response,Mikhail Kuzmin,Sequence,
2026-08-25 15:54:10.130,1787673028250x114558423124466960,1787673252250x556942131397435650,AVIV ,1778238210297x617135774419124200,Recruiter Screen,Recruiter Screen,Mikhail Kuzmin,Sequence,
2026-08-25 15:54:10.130,1787673028250x114558423124466960,1787673251100x501247018399991740,AVIV ,1778238210297x617135774419124200,Sequence,Positive Response,Mikhail Kuzmin,Sequence,
2026-08-25 15:54:10.191,1787673021894x852905226110212700,1787673254680x945719233179689100,AVIV ,1778238210297x617135774419124200,,,Mikhail Kuzmin,Sequence,
2026-08-25 15:54:10.191,1787673021894x852905226110212700,1787673254315x629477421008145800,AVIV ,1778238210297x617135774419124200,,,Mikhail Kuzmin,Sequence,
2026-08-25 15:54:10.191,1787673021894x852905226110212700,1787673253907x167435689110398300,AVIV ,1778238210297x617135774419124200,Hired,Hired,Mikhail Kuzmin,Sequence,
2026-08-25 15:54:10.191,1787673021894x852905226110212700,1787673252507x492015837628775100,AVIV ,1778238210297x617135774419124200,Moved to ATS,Offsite,Mikhail Kuzmin,Sequence,
2026-08-25 15:54:10.191,1787673021894x852905226110212700,1787673253542x531152694694019700,AVIV ,1778238210297x617135774419124200,Offer,Offer,Mikhail Kuzmin,Sequence,
2026-08-25 15:54:10.191,1787673021894x852905226110212700,1787673252907x586310315993852300,AVIV ,1778238210297x617135774419124200,Onsite,Final Interview,Mikhail Kuzmin,Sequence,
2026-08-25 15:54:10.191,1787673021894x852905226110212700,1787673250570x923146443549144600,AVIV ,1778238210297x617135774419124200,Positive response,Positive Response,Mikhail Kuzmin,Sequence,
2026-08-25 15:54:10.191,1787673021894x852905226110212700,1787673251710x423412623305264640,AVIV ,1778238210297x617135774419124200,Positive response,Positive Response,Mikhail Kuzmin,Sequence,
2026-08-25 15:54:10.191,1787673021894x852905226110212700,1787673252149x530816113078076860,AVIV ,1778238210297x617135774419124200,Recruiter Screen,Recruiter Screen,Mikhail Kuzmin,Sequence,
2026-08-25 15:54:10.191,1787673021894x852905226110212700,1787673251159x232763223849916220,AVIV ,1778238210297x617135774419124200,Sequence,Positive Response,Mikhail Kuzmin,Sequence,
2026-08-25 15:54:10.443,1787673022801x823314354113762700,1787673254548x582680938354054300,AVIV ,1778238210297x617135774419124200,,,Mikhail Kuzmin,Sequence,
2026-08-25 15:54:10.443,1787673022801x823314354113762700,1787673254948x442736799246214340,AVIV ,1778238210297x617135774419124200,,,Mikhail Kuzmin,Sequence,
2026-08-25 15:54:10.443,1787673022801x823314354113762700,1787673254086x404755958278803650,AVIV ,1778238210297x617135774419124200,Hired,Hired,Mikhail Kuzmin,Sequence,
2026-08-25 15:54:10.443,1787673022801x823314354113762700,1787673253170x509982784063224060,AVIV ,1778238210297x617135774419124200,Moved to ATS,Offsite,Mikhail Kuzmin,Sequence,
2026-08-25 15:54:10.443,1787673022801x823314354113762700,1787673253653x769501246164223200,AVIV ,1778238210297x617135774419124200,Offer,Offer,Mikhail Kuzmin,Sequence,
2026-08-25 15:54:10.443,1787673022801x823314354113762700,1787673253374x611481667324426400,AVIV ,1778238210297x617135774419124200,Onsite,Final Interview,Mikhail Kuzmin,Sequence,
2026-08-25 15:54:10.443,1787673022801x823314354113762700,1787673252061x826178273149651800,AVIV ,1778238210297x617135774419124200,Positive response,Positive Response,Mikhail Kuzmin,Sequence,
2026-08-25 15:54:10.443,1787673022801x823314354113762700,1787673250785x313404848842667700,AVIV ,1778238210297x617135774419124200,Positive response,Positive Response,Mikhail Kuzmin,Sequence,
2026-08-25 15:54:10.443,1787673022801x823314354113762700,1787673252552x668518441209070100,AVIV ,1778238210297x617135774419124200,Recruiter Screen,Recruiter Screen,Mikhail Kuzmin,Sequence,
2026-08-25 15:54:10.443,1787673022801x823314354113762700,1787673251388x788253973341100300,AVIV ,1778238210297x617135774419124200,Sequence,Positive Response,Mikhail Kuzmin,Sequence,
2026-08-25 15:54:10.674,1787673023625x637023429198403200,1787673255076x540011823197885900,AVIV ,1778238210297x617135774419124200,,,Mikhail Kuzmin,Sequence,
2026-08-25 15:54:10.674,1787673023625x637023429198403200,1787673255346x852343899457516800,AVIV ,1778238210297x617135774419124200,,,Mikhail Kuzmin,Sequence,
2026-08-25 15:54:10.674,1787673023625x637023429198403200,1787673254633x787160075582490600,AVIV ,1778238210297x617135774419124200,Hired,Hired,Mikhail Kuzmin,Sequence,
2026-08-25 15:54:10.674,1787673023625x637023429198403200,1787673253649x800753420627618600,AVIV ,1778238210297x617135774419124200,Moved to ATS,Offsite,Mikhail Kuzmin,Sequence,
2026-08-25 15:54:10.674,1787673023625x637023429198403200,1787673254265x136420864962898400,AVIV ,1778238210297x617135774419124200,Offer,Offer,Mikhail Kuzmin,Sequence,
2026-08-25 15:54:10.674,1787673023625x637023429198403200,1787673253914x128272988052491320,AVIV ,1778238210297x617135774419124200,Onsite,Final Interview,Mikhail Kuzmin,Sequence,
2026-08-25 15:54:10.674,1787673023625x637023429198403200,1787673251034x875478161984967400,AVIV ,1778238210297x617135774419124200,Positive response,Positive Response,Mikhail Kuzmin,Sequence,
2026-08-25 15:54:10.674,1787673023625x637023429198403200,1787673252628x949761366422100500,AVIV ,1778238210297x617135774419124200,Positive response,Positive Response,Mikhail Kuzmin,Sequence,
2026-08-25 15:54:10.674,1787673023625x637023429198403200,1787673253296x947000188645843500,AVIV ,1778238210297x617135774419124200,Recruiter Screen,Recruiter Screen,Mikhail Kuzmin,Sequence,
2026-08-25 15:54:10.674,1787673023625x637023429198403200,1787673251826x297001078516560640,AVIV ,1778238210297x617135774419124200,Sequence,Positive Response,Mikhail Kuzmin,Sequence,
2026-08-25 15:54:10.745,1787673024487x136401187261655950,1787673255299x531663055194632800,AVIV ,1778238210297x617135774419124200,,,Mikhail Kuzmin,Sequence,
2026-08-25 15:54:10.745,1787673024487x136401187261655950,1787673254815x125139472529651300,AVIV ,1778238210297x617135774419124200,,,Mikhail Kuzmin,Sequence,
2026-08-25 15:54:10.745,1787673024487x136401187261655950,1787673254318x467278045029371460,AVIV ,1778238210297x617135774419124200,Hired,Hired,Mikhail Kuzmin,Sequence,
2026-08-25 15:54:10.745,1787673024487x136401187261655950,1787673253040x228853881515637340,AVIV ,1778238210297x617135774419124200,Moved to ATS,Offsite,Mikhail Kuzmin,Sequence,
2026-08-25 15:54:10.745,1787673024487x136401187261655950,1787673253821x904451204491909600,AVIV ,1778238210297x617135774419124200,Offer,Offer,Mikhail Kuzmin,Sequence,
2026-08-25 15:54:10.745,1787673024487x136401187261655950,1787673253590x953812676371843300,AVIV ,1778238210297x617135774419124200,Onsite,Final Interview,Mikhail Kuzmin,Sequence,
2026-08-25 15:54:10.745,1787673024487x136401187261655950,1787673251134x607287270859064900,AVIV ,1778238210297x617135774419124200,Positive response,Positive Response,Mikhail Kuzmin,Sequence,
2026-08-25 15:54:10.745,1787673024487x136401187261655950,1787673252119x599923856090437900,AVIV ,1778238210297x617135774419124200,Positive response,Positive Response,Mikhail Kuzmin,Sequence,
2026-08-25 15:54:10.745,1787673024487x136401187261655950,1787673252610x226329537918047000,AVIV ,1778238210297x617135774419124200,Recruiter Screen,Recruiter Screen,Mikhail Kuzmin,Sequence,
2026-08-25 15:54:10.745,1787673024487x136401187261655950,1787673251644x180867043875743200,AVIV ,1778238210297x617135774419124200,Sequence,Positive Response,Mikhail Kuzmin,Sequence,
2026-08-25 15:54:10.765,1787673025289x712663338169252000,1787673255066x473385537491616060,AVIV ,1778238210297x617135774419124200,,,Mikhail Kuzmin,Sequence,
2026-08-25 15:54:10.765,1787673025289x712663338169252000,1787673255382x108720196132705560,AVIV ,1778238210297x617135774419124200,,,Mikhail Kuzmin,Sequence,
2026-08-25 15:54:10.765,1787673025289x712663338169252000,1787673254652x819617749083717500,AVIV ,1778238210297x617135774419124200,Hired,Hired,Mikhail Kuzmin,Sequence,
2026-08-25 15:54:10.765,1787673025289x712663338169252000,1787673253318x612615995252339000,AVIV ,1778238210297x617135774419124200,Moved to ATS,Offsite,Mikhail Kuzmin,Sequence,
2026-08-25 15:54:10.765,1787673025289x712663338169252000,1787673254239x686106348802691700,AVIV ,1778238210297x617135774419124200,Offer,Offer,Mikhail Kuzmin,Sequence,
2026-08-25 15:54:10.765,1787673025289x712663338169252000,1787673253725x965753406480987100,AVIV ,1778238210297x617135774419124200,Onsite,Final Interview,Mikhail Kuzmin,Sequence,
2026-08-25 15:54:10.765,1787673025289x712663338169252000,1787673251413x160173615611471920,AVIV ,1778238210297x617135774419124200,Positive response,Positive Response,Mikhail Kuzmin,Sequence,
2026-08-25 15:54:10.765,1787673025289x712663338169252000,1787673252507x345361639986086140,AVIV ,1778238210297x617135774419124200,Positive response,Positive Response,Mikhail Kuzmin,Sequence,
2026-08-25 15:54:10.765,1787673025289x712663338169252000,1787673252907x577314487799714600,AVIV ,1778238210297x617135774419124200,Recruiter Screen,Recruiter Screen,Mikhail Kuzmin,Sequence,
2026-08-25 15:54:10.765,1787673025289x712663338169252000,1787673251907x310203651505135600,AVIV ,1778238210297x617135774419124200,Sequence,Positive Response,Mikhail Kuzmin,Sequence,
2026-08-25 15:54:10.779,1787673026178x668296908973186700,1787673254724x817492405457124500,AVIV ,1778238210297x617135774419124200,,,Mikhail Kuzmin,Sequence,
2026-08-25 15:54:10.779,1787673026178x668296908973186700,1787673254397x218469982289746700,AVIV ,1778238210297x617135774419124200,,,Mikhail Kuzmin,Sequence,
2026-08-25 15:54:10.779,1787673026178x668296908973186700,1787673253949x392427355186876400,AVIV ,1778238210297x617135774419124200,Hired,Hired,Mikhail Kuzmin,Sequence,
2026-08-25 15:54:10.779,1787673026178x668296908973186700,1787673252907x527593640811923100,AVIV ,1778238210297x617135774419124200,Moved to ATS,Offsite,Mikhail Kuzmin,Sequence,
2026-08-25 15:54:10.779,1787673026178x668296908973186700,1787673253661x143745033089756940,AVIV ,1778238210297x617135774419124200,Offer,Offer,Mikhail Kuzmin,Sequence,
2026-08-25 15:54:10.779,1787673026178x668296908973186700,1787673253311x843105413209306500,AVIV ,1778238210297x617135774419124200,Onsite,Final Interview,Mikhail Kuzmin,Sequence,
2026-08-25 15:54:10.779,1787673026178x668296908973186700,1787673252168x332343489640238660,AVIV ,1778238210297x617135774419124200,Positive response,Positive Response,Mikhail Kuzmin,Sequence,
2026-08-25 15:54:10.779,1787673026178x668296908973186700,1787673251459x971137405018560400,AVIV ,1778238210297x617135774419124200,Positive response,Positive Response,Mikhail Kuzmin,Sequence,
2026-08-25 15:54:10.779,1787673026178x668296908973186700,1787673252516x922530710422047000,AVIV ,1778238210297x617135774419124200,Recruiter Screen,Recruiter Screen,Mikhail Kuzmin,Sequence,
2026-08-25 15:54:10.779,1787673026178x668296908973186700,1787673251848x550640024796261300,AVIV ,1778238210297x617135774419124200,Sequence,Positive Response,Mikhail Kuzmin,Sequence,
2026-08-25 16:12:11.607,1787674241126x421032449662924740,1787674337618x971490705502185100,AVIV ,1779970626328x834670130159681500,,,Mikhail Kuzmin,Sequence,
2026-08-25 16:12:11.607,1787674241126x421032449662924740,1787674337883x605390617451706100,AVIV ,1779970626328x834670130159681500,,,Mikhail Kuzmin,Sequence,
2026-08-25 16:12:11.607,1787674241126x421032449662924740,1787674335829x494008659728875100,AVIV ,1779970626328x834670130159681500,Hired,Hired,Mikhail Kuzmin,Sequence,
2026-08-25 16:12:11.607,1787674241126x421032449662924740,1787674332629x674079135749822800,AVIV ,1779970626328x834670130159681500,Moved to ATS,Offsite,Mikhail Kuzmin,Sequence,
2026-08-25 16:12:11.607,1787674241126x421032449662924740,1787674335451x305549083920752000,AVIV ,1779970626328x834670130159681500,Offer,Offer,Mikhail Kuzmin,Sequence,
2026-08-25 16:12:11.607,1787674241126x421032449662924740,1787674333271x823445848201580500,AVIV ,1779970626328x834670130159681500,Onsite,Final Interview,Mikhail Kuzmin,Sequence,
2026-08-25 16:12:11.607,1787674241126x421032449662924740,1787674331836x212067669224660360,AVIV ,1779970626328x834670130159681500,Positive response,Positive Response,Mikhail Kuzmin,Sequence,
2026-08-25 16:12:11.607,1787674241126x421032449662924740,1787674332255x667877861679565700,AVIV ,1779970626328x834670130159681500,Recruiter Screen,Recruiter Screen,Mikhail Kuzmin,Sequence,
2026-08-25 16:12:11.753,1787674239417x649437352185047400,1787674338652x960246058642918000,AVIV ,1779970626328x834670130159681500,,,Mikhail Kuzmin,Sequence,
2026-08-25 16:12:11.753,1787674239417x649437352185047400,1787674338188x498264075087748500,AVIV ,1779970626328x834670130159681500,,,Mikhail Kuzmin,Sequence,
2026-08-25 16:12:11.753,1787674239417x649437352185047400,1787674337757x665002745209729800,AVIV ,1779970626328x834670130159681500,Hired,Hired,Mikhail Kuzmin,Sequence,
2026-08-25 16:12:11.753,1787674239417x649437352185047400,1787674333339x426226121385594900,AVIV ,1779970626328x834670130159681500,Moved to ATS,Offsite,Mikhail Kuzmin,Sequence,
2026-08-25 16:12:11.753,1787674239417x649437352185047400,1787674335652x998443737073527700,AVIV ,1779970626328x834670130159681500,Offer,Offer,Mikhail Kuzmin,Sequence,
2026-08-25 16:12:11.753,1787674239417x649437352185047400,1787674333683x188081075674080740,AVIV ,1779970626328x834670130159681500,Onsite,Final Interview,Mikhail Kuzmin,Sequence,
2026-08-25 16:12:11.753,1787674239417x649437352185047400,1787674332104x413465973190215500,AVIV ,1779970626328x834670130159681500,Positive response,Positive Response,Mikhail Kuzmin,Sequence,
2026-08-25 16:12:11.753,1787674239417x649437352185047400,1787674332506x183017287303809400,AVIV ,1779970626328x834670130159681500,Recruiter Screen,Recruiter Screen,Mikhail Kuzmin,Sequence,
2026-08-25 16:12:11.766,1787674240283x833356407662706700,1787674337572x590428043994392300,AVIV ,1779970626328x834670130159681500,,,Mikhail Kuzmin,Sequence,
2026-08-25 16:12:11.766,1787674240283x833356407662706700,1787674338120x800874477715006700,AVIV ,1779970626328x834670130159681500,,,Mikhail Kuzmin,Sequence,
2026-08-25 16:12:11.766,1787674240283x833356407662706700,1787674335679x376157869230849600,AVIV ,1779970626328x834670130159681500,Hired,Hired,Mikhail Kuzmin,Sequence,
2026-08-25 16:12:11.766,1787674240283x833356407662706700,1787674332998x573158595474140300,AVIV ,1779970626328x834670130159681500,Moved to ATS,Offsite,Mikhail Kuzmin,Sequence,
2026-08-25 16:12:11.766,1787674240283x833356407662706700,1787674335319x246862290998225900,AVIV ,1779970626328x834670130159681500,Offer,Offer,Mikhail Kuzmin,Sequence,
2026-08-25 16:12:11.766,1787674240283x833356407662706700,1787674334688x371359895753997200,AVIV ,1779970626328x834670130159681500,Onsite,Final Interview,Mikhail Kuzmin,Sequence,
2026-08-25 16:12:11.766,1787674240283x833356407662706700,1787674332258x678154932473464800,AVIV ,1779970626328x834670130159681500,Positive response,Positive Response,Mikhail Kuzmin,Sequence,
2026-08-25 16:12:11.766,1787674240283x833356407662706700,1787674332611x934573071113756900,AVIV ,1779970626328x834670130159681500,Recruiter Screen,Recruiter Screen,Mikhail Kuzmin,Sequence,
2026-08-25 16:12:11.849,1787674238706x614331948492943500,1787674338407x206216941406176520,AVIV ,1779970626328x834670130159681500,,,Mikhail Kuzmin,Sequence,
2026-08-25 16:12:11.849,1787674238706x614331948492943500,1787674338711x386856112041546800,AVIV ,1779970626328x834670130159681500,,,Mikhail Kuzmin,Sequence,
2026-08-25 16:12:11.849,1787674238706x614331948492943500,1787674338077x876027356785072500,AVIV ,1779970626328x834670130159681500,Hired,Hired,Mikhail Kuzmin,Sequence,
2026-08-25 16:12:11.849,1787674238706x614331948492943500,1787674333309x201062750046727460,AVIV ,1779970626328x834670130159681500,Moved to ATS,Offsite,Mikhail Kuzmin,Sequence,
2026-08-25 16:12:11.849,1787674238706x614331948492943500,1787674337157x123022208732532340,AVIV ,1779970626328x834670130159681500,Offer,Offer,Mikhail Kuzmin,Sequence,
2026-08-25 16:12:11.849,1787674238706x614331948492943500,1787674334944x959204958764987800,AVIV ,1779970626328x834670130159681500,Onsite,Final Interview,Mikhail Kuzmin,Sequence,
2026-08-25 16:12:11.849,1787674238706x614331948492943500,1787674332116x325009352815117000,AVIV ,1779970626328x834670130159681500,Positive response,Positive Response,Mikhail Kuzmin,Sequence,
2026-08-25 16:12:11.849,1787674238706x614331948492943500,1787674332529x482033687344700400,AVIV ,1779970626328x834670130159681500,Recruiter Screen,Recruiter Screen,Mikhail Kuzmin,Sequence,
2026-08-25 16:12:11.879,1787674237948x511246317597488830,1787674336948x287132989877202600,AVIV ,1779970626328x834670130159681500,,,Mikhail Kuzmin,Sequence,
2026-08-25 16:12:11.879,1787674237948x511246317597488830,1787674337908x289169713478955000,AVIV ,1779970626328x834670130159681500,,,Mikhail Kuzmin,Sequence,
2026-08-25 16:12:11.879,1787674237948x511246317597488830,1787674336665x216711054394925540,AVIV ,1779970626328x834670130159681500,Hired,Hired,Mikhail Kuzmin,Sequence,
2026-08-25 16:12:11.879,1787674237948x511246317597488830,1787674333703x688294508610088800,AVIV ,1779970626328x834670130159681500,Moved to ATS,Offsite,Mikhail Kuzmin,Sequence,
2026-08-25 16:12:11.879,1787674237948x511246317597488830,1787674334496x559514353399733100,AVIV ,1779970626328x834670130159681500,Offer,Offer,Mikhail Kuzmin,Sequence,
2026-08-25 16:12:11.879,1787674237948x511246317597488830,1787674334035x789771397261488800,AVIV ,1779970626328x834670130159681500,Onsite,Final Interview,Mikhail Kuzmin,Sequence,
2026-08-25 16:12:11.879,1787674237948x511246317597488830,1787674332180x174605162313328220,AVIV ,1779970626328x834670130159681500,Positive response,Positive Response,Mikhail Kuzmin,Sequence,
2026-08-25 16:12:11.879,1787674237948x511246317597488830,1787674332630x446173364826901950,AVIV ,1779970626328x834670130159681500,Recruiter Screen,Recruiter Screen,Mikhail Kuzmin,Sequence,
2026-08-25 16:12:12.075,1787674236952x262353806534557400,1787674337677x808496541630004500,AVIV ,1779970626328x834670130159681500,,,Mikhail Kuzmin,Sequence,
2026-08-25 16:12:12.075,1787674236952x262353806534557400,1787674337993x522806269226661500,AVIV ,1779970626328x834670130159681500,,,Mikhail Kuzmin,Sequence,
2026-08-25 16:12:12.075,1787674236952x262353806534557400,1787674337437x156307049521438900,AVIV ,1779970626328x834670130159681500,Hired,Hired,Mikhail Kuzmin,Sequence,
2026-08-25 16:12:12.075,1787674236952x262353806534557400,1787674333347x881930755709349400,AVIV ,1779970626328x834670130159681500,Moved to ATS,Offsite,Mikhail Kuzmin,Sequence,
2026-08-25 16:12:12.075,1787674236952x262353806534557400,1787674335420x799079798674649200,AVIV ,1779970626328x834670130159681500,Offer,Offer,Mikhail Kuzmin,Sequence,
2026-08-25 16:12:12.075,1787674236952x262353806534557400,1787674335071x898139181383238000,AVIV ,1779970626328x834670130159681500,Onsite,Final Interview,Mikhail Kuzmin,Sequence,
2026-08-25 16:12:12.075,1787674236952x262353806534557400,1787674332390x541513542786971970,AVIV ,1779970626328x834670130159681500,Positive response,Positive Response,Mikhail Kuzmin,Sequence,
2026-08-25 16:12:12.075,1787674236952x262353806534557400,1787674332843x841986385866347900,AVIV ,1779970626328x834670130159681500,Recruiter Screen,Recruiter Screen,Mikhail Kuzmin,Sequence,
2026-08-25 16:12:12.111,1787674236106x857406444445089300,1787674336354x265362330242496770,AVIV ,1779970626328x834670130159681500,,,Mikhail Kuzmin,Sequence,
2026-08-25 16:12:12.111,1787674236106x857406444445089300,1787674336600x168646599792574800,AVIV ,1779970626328x834670130159681500,,,Mikhail Kuzmin,Sequence,
2026-08-25 16:12:12.111,1787674236106x857406444445089300,1787674335829x371085203320756350,AVIV ,1779970626328x834670130159681500,Hired,Hired,Mikhail Kuzmin,Sequence,
2026-08-25 16:12:12.111,1787674236106x857406444445089300,1787674334720x442642963291526700,AVIV ,1779970626328x834670130159681500,Moved to ATS,Offsite,Mikhail Kuzmin,Sequence,
2026-08-25 16:12:12.111,1787674236106x857406444445089300,1787674335401x318090871688728770,AVIV ,1779970626328x834670130159681500,Offer,Offer,Mikhail Kuzmin,Sequence,
2026-08-25 16:12:12.111,1787674236106x857406444445089300,1787674335090x229627759401224400,AVIV ,1779970626328x834670130159681500,Onsite,Final Interview,Mikhail Kuzmin,Sequence,
2026-08-25 16:12:12.111,1787674236106x857406444445089300,1787674332397x842032345700773000,AVIV ,1779970626328x834670130159681500,Positive response,Positive Response,Mikhail Kuzmin,Sequence,
2026-08-25 16:12:12.111,1787674236106x857406444445089300,1787674333170x543718643496496700,AVIV ,1779970626328x834670130159681500,Recruiter Screen,Recruiter Screen,Mikhail Kuzmin,Sequence,
2026-08-25 16:12:12.168,1787674234883x877147071131562100,1787674338852x350810065897722700,AVIV ,1779970626328x834670130159681500,,,Mikhail Kuzmin,Sequence,
2026-08-25 16:12:12.168,1787674234883x877147071131562100,1787674338595x492592830499671900,AVIV ,1779970626328x834670130159681500,,,Mikhail Kuzmin,Sequence,
2026-08-25 16:12:12.168,1787674234883x877147071131562100,1787674338183x371994611047796100,AVIV ,1779970626328x834670130159681500,Hired,Hired,Mikhail Kuzmin,Sequence,
2026-08-25 16:12:12.168,1787674234883x877147071131562100,1787674334996x563394909903348860,AVIV ,1779970626328x834670130159681500,Moved to ATS,Offsite,Mikhail Kuzmin,Sequence,
2026-08-25 16:12:12.168,1787674234883x877147071131562100,1787674337379x861575046306907100,AVIV ,1779970626328x834670130159681500,Offer,Offer,Mikhail Kuzmin,Sequence,
2026-08-25 16:12:12.168,1787674234883x877147071131562100,1787674335225x792969815239606900,AVIV ,1779970626328x834670130159681500,Onsite,Final Interview,Mikhail Kuzmin,Sequence,
2026-08-25 16:12:12.168,1787674234883x877147071131562100,1787674332752x754565346835119500,AVIV ,1779970626328x834670130159681500,Positive response,Positive Response,Mikhail Kuzmin,Sequence,
2026-08-25 16:12:12.168,1787674234883x877147071131562100,1787674333317x571887131428235650,AVIV ,1779970626328x834670130159681500,Recruiter Screen,Recruiter Screen,Mikhail Kuzmin,Sequence,
2026-08-25 16:12:12.335,1787674233384x107089389358823840,1787674337088x954439760561016200,AVIV ,1779970626328x834670130159681500,,,Mikhail Kuzmin,Sequence,
2026-08-25 16:12:12.335,1787674233384x107089389358823840,1787674336626x307730832828060350,AVIV ,1779970626328x834670130159681500,,,Mikhail Kuzmin,Sequence,
2026-08-25 16:12:12.335,1787674233384x107089389358823840,1787674336229x919306656549006200,AVIV ,1779970626328x834670130159681500,Hired,Hired,Mikhail Kuzmin,Sequence,
2026-08-25 16:12:12.335,1787674233384x107089389358823840,1787674334954x901001908977188100,AVIV ,1779970626328x834670130159681500,Moved to ATS,Offsite,Mikhail Kuzmin,Sequence,
2026-08-25 16:12:12.335,1787674233384x107089389358823840,1787674335798x326268561143471700,AVIV ,1779970626328x834670130159681500,Offer,Offer,Mikhail Kuzmin,Sequence,
2026-08-25 16:12:12.335,1787674233384x107089389358823840,1787674335455x501392456976694100,AVIV ,1779970626328x834670130159681500,Onsite,Final Interview,Mikhail Kuzmin,Sequence,
2026-08-25 16:12:12.335,1787674233384x107089389358823840,1787674332691x116083868104126960,AVIV ,1779970626328x834670130159681500,Positive response,Positive Response,Mikhail Kuzmin,Sequence,
2026-08-25 16:12:12.335,1787674233384x107089389358823840,1787674332998x903014383955849100,AVIV ,1779970626328x834670130159681500,Recruiter Screen,Recruiter Screen,Mikhail Kuzmin,Sequence,
2026-08-25 16:12:12.388,1787674234130x301350805189770430,1787674339646x741663055887803600,AVIV ,1779970626328x834670130159681500,,,Mikhail Kuzmin,Sequence,
2026-08-25 16:12:12.388,1787674234130x301350805189770430,1787674339326x246359978613711400,AVIV ,1779970626328x834670130159681500,,,Mikhail Kuzmin,Sequence,
2026-08-25 16:12:12.388,1787674234130x301350805189770430,1787674338790x313599567459425660,AVIV ,1779970626328x834670130159681500,Hired,Hired,Mikhail Kuzmin,Sequence,
2026-08-25 16:12:12.388,1787674234130x301350805189770430,1787674337623x570436226501875000,AVIV ,1779970626328x834670130159681500,Moved to ATS,Offsite,Mikhail Kuzmin,Sequence,
2026-08-25 16:12:12.388,1787674234130x301350805189770430,1787674338324x326729754210980600,AVIV ,1779970626328x834670130159681500,Offer,Offer,Mikhail Kuzmin,Sequence,
2026-08-25 16:12:12.388,1787674234130x301350805189770430,1787674337922x117225831543824380,AVIV ,1779970626328x834670130159681500,Onsite,Final Interview,Mikhail Kuzmin,Sequence,
2026-08-25 16:12:12.388,1787674234130x301350805189770430,1787674333182x647273982504968100,AVIV ,1779970626328x834670130159681500,Positive response,Positive Response,Mikhail Kuzmin,Sequence,
2026-08-25 16:12:12.388,1787674234130x301350805189770430,1787674335719x625573602996133100,AVIV ,1779970626328x834670130159681500,Recruiter Screen,Recruiter Screen,Mikhail Kuzmin,Sequence,
2026-08-25 16:12:12.415,1787674232565x267482852448598140,1787674338612x181839402017461630,AVIV ,1779970626328x834670130159681500,,,Mikhail Kuzmin,Sequence,
2026-08-25 16:12:12.415,1787674232565x267482852448598140,1787674338368x797468642243797100,AVIV ,1779970626328x834670130159681500,,,Mikhail Kuzmin,Sequence,
2026-08-25 16:12:12.415,1787674232565x267482852448598140,1787674338111x708441068708989000,AVIV ,1779970626328x834670130159681500,Hired,Hired,Mikhail Kuzmin,Sequence,
2026-08-25 16:12:12.415,1787674232565x267482852448598140,1787674334955x196029578680035230,AVIV ,1779970626328x834670130159681500,Moved to ATS,Offsite,Mikhail Kuzmin,Sequence,
2026-08-25 16:12:12.415,1787674232565x267482852448598140,1787674337748x831172681913474400,AVIV ,1779970626328x834670130159681500,Offer,Offer,Mikhail Kuzmin,Sequence,
2026-08-25 16:12:12.415,1787674232565x267482852448598140,1787674337187x406900868446255600,AVIV ,1779970626328x834670130159681500,Onsite,Final Interview,Mikhail Kuzmin,Sequence,
2026-08-25 16:12:12.415,1787674232565x267482852448598140,1787674332995x134139979057983360,AVIV ,1779970626328x834670130159681500,Positive response,Positive Response,Mikhail Kuzmin,Sequence,
2026-08-25 16:12:12.415,1787674232565x267482852448598140,1787674333397x792251653007316900,AVIV ,1779970626328x834670130159681500,Recruiter Screen,Recruiter Screen,Mikhail Kuzmin,Sequence,
2026-08-25 16:12:12.500,1787674231059x109872891033986560,1787674338903x348422140843149400,AVIV ,1779970626328x834670130159681500,,,Mikhail Kuzmin,Sequence,
2026-08-25 16:12:12.500,1787674231059x109872891033986560,1787674339083x584479552006969900,AVIV ,1779970626328x834670130159681500,,,Mikhail Kuzmin,Sequence,
2026-08-25 16:12:12.500,1787674231059x109872891033986560,1787674338250x102135730420982000,AVIV ,1779970626328x834670130159681500,Hired,Hired,Mikhail Kuzmin,Sequence,
2026-08-25 16:12:12.500,1787674231059x109872891033986560,1787674334719x316030760388545500,AVIV ,1779970626328x834670130159681500,Moved to ATS,Offsite,Mikhail Kuzmin,Sequence,
2026-08-25 16:12:12.500,1787674231059x109872891033986560,1787674337619x490843878292744000,AVIV ,1779970626328x834670130159681500,Offer,Offer,Mikhail Kuzmin,Sequence,
2026-08-25 16:12:12.500,1787674231059x109872891033986560,1787674335032x506493539680162600,AVIV ,1779970626328x834670130159681500,Onsite,Final Interview,Mikhail Kuzmin,Sequence,
2026-08-25 16:12:12.500,1787674231059x109872891033986560,1787674332763x421558514533430400,AVIV ,1779970626328x834670130159681500,Positive response,Positive Response,Mikhail Kuzmin,Sequence,
2026-08-25 16:12:12.500,1787674231059x109872891033986560,1787674334194x746252254381625700,AVIV ,1779970626328x834670130159681500,Recruiter Screen,Recruiter Screen,Mikhail Kuzmin,Sequence,
2026-08-25 16:12:12.506,1787674231861x687891354881494300,1787674338637x918861768072161100,AVIV ,1779970626328x834670130159681500,,,Mikhail Kuzmin,Sequence,
2026-08-25 16:12:12.506,1787674231861x687891354881494300,1787674338920x976486920386622200,AVIV ,1779970626328x834670130159681500,,,Mikhail Kuzmin,Sequence,
2026-08-25 16:12:12.506,1787674231861x687891354881494300,1787674338354x295095093345483460,AVIV ,1779970626328x834670130159681500,Hired,Hired,Mikhail Kuzmin,Sequence,
2026-08-25 16:12:12.506,1787674231861x687891354881494300,1787674336708x395234306571145000,AVIV ,1779970626328x834670130159681500,Moved to ATS,Offsite,Mikhail Kuzmin,Sequence,
2026-08-25 16:12:12.506,1787674231861x687891354881494300,1787674337643x292390923877238200,AVIV ,1779970626328x834670130159681500,Offer,Offer,Mikhail Kuzmin,Sequence,
2026-08-25 16:12:12.506,1787674231861x687891354881494300,1787674337092x567730031628044500,AVIV ,1779970626328x834670130159681500,Onsite,Final Interview,Mikhail Kuzmin,Sequence,
2026-08-25 16:12:12.506,1787674231861x687891354881494300,1787674332886x419715354794935940,AVIV ,1779970626328x834670130159681500,Positive response,Positive Response,Mikhail Kuzmin,Sequence,
2026-08-25 16:12:12.506,1787674231861x687891354881494300,1787674334331x914287406685559000,AVIV ,1779970626328x834670130159681500,Recruiter Screen,Recruiter Screen,Mikhail Kuzmin,Sequence,
2026-08-25 16:12:12.637,1787674230312x271907397656970800,1787674338979x869057616090464000,AVIV ,1779970626328x834670130159681500,,,Mikhail Kuzmin,Sequence,
2026-08-25 16:12:12.637,1787674230312x271907397656970800,1787674338634x924703520815482100,AVIV ,1779970626328x834670130159681500,,,Mikhail Kuzmin,Sequence,
2026-08-25 16:12:12.637,1787674230312x271907397656970800,1787674338272x961460174178645200,AVIV ,1779970626328x834670130159681500,Hired,Hired,Mikhail Kuzmin,Sequence,
2026-08-25 16:12:12.637,1787674230312x271907397656970800,1787674333693x471927606212288800,AVIV ,1779970626328x834670130159681500,Moved to ATS,Offsite,Mikhail Kuzmin,Sequence,
2026-08-25 16:12:12.637,1787674230312x271907397656970800,1787674337537x853467218355941800,AVIV ,1779970626328x834670130159681500,Offer,Offer,Mikhail Kuzmin,Sequence,
2026-08-25 16:12:12.637,1787674230312x271907397656970800,1787674335775x718395680986441600,AVIV ,1779970626328x834670130159681500,Onsite,Final Interview,Mikhail Kuzmin,Sequence,
2026-08-25 16:12:12.637,1787674230312x271907397656970800,1787674332929x742681304231967500,AVIV ,1779970626328x834670130159681500,Positive response,Positive Response,Mikhail Kuzmin,Sequence,
2026-08-25 16:12:12.637,1787674230312x271907397656970800,1787674333298x812997213283129000,AVIV ,1779970626328x834670130159681500,Recruiter Screen,Recruiter Screen,Mikhail Kuzmin,Sequence,
2026-08-25 16:12:12.659,1787674229529x178611406177007000,1787674339223x888940164149797400,AVIV ,1779970626328x834670130159681500,,,Mikhail Kuzmin,Sequence,
2026-08-25 16:12:12.659,1787674229529x178611406177007000,1787674339624x137955470411939000,AVIV ,1779970626328x834670130159681500,,,Mikhail Kuzmin,Sequence,
2026-08-25 16:12:12.659,1787674229529x178611406177007000,1787674338881x486158332962056700,AVIV ,1779970626328x834670130159681500,Hired,Hired,Mikhail Kuzmin,Sequence,
2026-08-25 16:12:12.659,1787674229529x178611406177007000,1787674336097x308434176622506940,AVIV ,1779970626328x834670130159681500,Moved to ATS,Offsite,Mikhail Kuzmin,Sequence,
2026-08-25 16:12:12.659,1787674229529x178611406177007000,1787674338477x972054516975782100,AVIV ,1779970626328x834670130159681500,Offer,Offer,Mikhail Kuzmin,Sequence,
2026-08-25 16:12:12.659,1787674229529x178611406177007000,1787674338032x769878617969556900,AVIV ,1779970626328x834670130159681500,Onsite,Final Interview,Mikhail Kuzmin,Sequence,
2026-08-25 16:12:12.659,1787674229529x178611406177007000,1787674333727x495210117248036100,AVIV ,1779970626328x834670130159681500,Positive response,Positive Response,Mikhail Kuzmin,Sequence,
2026-08-25 16:12:12.659,1787674229529x178611406177007000,1787674335655x204313815535301470,AVIV ,1779970626328x834670130159681500,Recruiter Screen,Recruiter Screen,Mikhail Kuzmin,Sequence,
2026-08-25 16:12:12.813,1787674227573x385128392017779260,1787674339058x614736710498897700,AVIV ,1779970626328x834670130159681500,,,Mikhail Kuzmin,Sequence,
2026-08-25 16:12:12.813,1787674227573x385128392017779260,1787674338681x541496243282019200,AVIV ,1779970626328x834670130159681500,,,Mikhail Kuzmin,Sequence,
2026-08-25 16:12:12.813,1787674227573x385128392017779260,1787674338357x391564442465649000,AVIV ,1779970626328x834670130159681500,Hired,Hired,Mikhail Kuzmin,Sequence,
2026-08-25 16:12:12.813,1787674227573x385128392017779260,1787674334729x789539176070863600,AVIV ,1779970626328x834670130159681500,Moved to ATS,Offsite,Mikhail Kuzmin,Sequence,
2026-08-25 16:12:12.813,1787674227573x385128392017779260,1787674338028x821573736273258500,AVIV ,1779970626328x834670130159681500,Offer,Offer,Mikhail Kuzmin,Sequence,
2026-08-25 16:12:12.813,1787674227573x385128392017779260,1787674336694x241718600837417240,AVIV ,1779970626328x834670130159681500,Onsite,Final Interview,Mikhail Kuzmin,Sequence,
2026-08-25 16:12:12.813,1787674227573x385128392017779260,1787674334128x842252503907079800,AVIV ,1779970626328x834670130159681500,Positive response,Positive Response,Mikhail Kuzmin,Sequence,
2026-08-25 16:12:12.813,1787674227573x385128392017779260,1787674334428x135590971769564690,AVIV ,1779970626328x834670130159681500,Recruiter Screen,Recruiter Screen,Mikhail Kuzmin,Sequence,
2026-08-25 16:12:12.832,1787674228720x891404065247849400,1787674339229x111079908863421780,AVIV ,1779970626328x834670130159681500,,,Mikhail Kuzmin,Sequence,
2026-08-25 16:12:12.832,1787674228720x891404065247849400,1787674338821x588984284925577800,AVIV ,1779970626328x834670130159681500,,,Mikhail Kuzmin,Sequence,
2026-08-25 16:12:12.832,1787674228720x891404065247849400,1787674338452x308588768671683260,AVIV ,1779970626328x834670130159681500,Hired,Hired,Mikhail Kuzmin,Sequence,
2026-08-25 16:12:12.832,1787674228720x891404065247849400,1787674334886x794098720999360400,AVIV ,1779970626328x834670130159681500,Moved to ATS,Offsite,Mikhail Kuzmin,Sequence,
2026-08-25 16:12:12.832,1787674228720x891404065247849400,1787674338040x586844437035376600,AVIV ,1779970626328x834670130159681500,Offer,Offer,Mikhail Kuzmin,Sequence,
2026-08-25 16:12:12.832,1787674228720x891404065247849400,1787674337296x911222306583211000,AVIV ,1779970626328x834670130159681500,Onsite,Final Interview,Mikhail Kuzmin,Sequence,
2026-08-25 16:12:12.832,1787674228720x891404065247849400,1787674334239x955499291635577600,AVIV ,1779970626328x834670130159681500,Positive response,Positive Response,Mikhail Kuzmin,Sequence,
2026-08-25 16:12:12.832,1787674228720x891404065247849400,1787674334573x484162056141544060,AVIV ,1779970626328x834670130159681500,Recruiter Screen,Recruiter Screen,Mikhail Kuzmin,Sequence,
2026-08-25 16:12:12.868,1787674226754x163689475521513020,1787674339650x442286561335138960,AVIV ,1779970626328x834670130159681500,,,Mikhail Kuzmin,Sequence,
2026-08-25 16:12:12.868,1787674226754x163689475521513020,1787674339984x202329039221549540,AVIV ,1779970626328x834670130159681500,,,Mikhail Kuzmin,Sequence,
2026-08-25 16:12:12.868,1787674226754x163689475521513020,1787674339061x483246094173809500,AVIV ,1779970626328x834670130159681500,Hired,Hired,Mikhail Kuzmin,Sequence,
2026-08-25 16:12:12.868,1787674226754x163689475521513020,1787674336892x241754317981336600,AVIV ,1779970626328x834670130159681500,Moved to ATS,Offsite,Mikhail Kuzmin,Sequence,
2026-08-25 16:12:12.868,1787674226754x163689475521513020,1787674338699x776008511961678000,AVIV ,1779970626328x834670130159681500,Offer,Offer,Mikhail Kuzmin,Sequence,
2026-08-25 16:12:12.868,1787674226754x163689475521513020,1787674338317x198284046597225760,AVIV ,1779970626328x834670130159681500,Onsite,Final Interview,Mikhail Kuzmin,Sequence,
2026-08-25 16:12:12.868,1787674226754x163689475521513020,1787674334375x453188995380099400,AVIV ,1779970626328x834670130159681500,Positive response,Positive Response,Mikhail Kuzmin,Sequence,
2026-08-25 16:12:12.868,1787674226754x163689475521513020,1787674336557x656211389483256600,AVIV ,1779970626328x834670130159681500,Recruiter Screen,Recruiter Screen,Mikhail Kuzmin,Sequence,
2026-08-25 16:12:12.985,1787674226059x921700028633030100,1787674338851x176233886312764600,AVIV ,1779970626328x834670130159681500,,,Mikhail Kuzmin,Sequence,
2026-08-25 16:12:12.985,1787674226059x921700028633030100,1787674339147x466524984975866400,AVIV ,1779970626328x834670130159681500,,,Mikhail Kuzmin,Sequence,
2026-08-25 16:12:12.985,1787674226059x921700028633030100,1787674338637x252304823226296320,AVIV ,1779970626328x834670130159681500,Hired,Hired,Mikhail Kuzmin,Sequence,
2026-08-25 16:12:12.985,1787674226059x921700028633030100,1787674337597x552536949585703550,AVIV ,1779970626328x834670130159681500,Moved to ATS,Offsite,Mikhail Kuzmin,Sequence,
2026-08-25 16:12:12.985,1787674226059x921700028633030100,1787674338374x805273836931005300,AVIV ,1779970626328x834670130159681500,Offer,Offer,Mikhail Kuzmin,Sequence,
2026-08-25 16:12:12.985,1787674226059x921700028633030100,1787674338102x796185492733629800,AVIV ,1779970626328x834670130159681500,Onsite,Final Interview,Mikhail Kuzmin,Sequence,
2026-08-25 16:12:12.985,1787674226059x921700028633030100,1787674334441x502364524579210560,AVIV ,1779970626328x834670130159681500,Positive response,Positive Response,Mikhail Kuzmin,Sequence,
2026-08-25 16:12:12.985,1787674226059x921700028633030100,1787674336811x983707560748556800,AVIV ,1779970626328x834670130159681500,Recruiter Screen,Recruiter Screen,Mikhail Kuzmin,Sequence,
2026-08-25 16:12:13.163,1787674225355x642045642195375100,1787674339435x871592435938632200,AVIV ,1779970626328x834670130159681500,,,Mikhail Kuzmin,Sequence,
2026-08-25 16:12:13.163,1787674225355x642045642195375100,1787674338918x753639676353259400,AVIV ,1779970626328x834670130159681500,,,Mikhail Kuzmin,Sequence,
2026-08-25 16:12:13.163,1787674225355x642045642195375100,1787674338406x811402530270253700,AVIV ,1779970626328x834670130159681500,Hired,Hired,Mikhail Kuzmin,Sequence,
2026-08-25 16:12:13.163,1787674225355x642045642195375100,1787674335603x905160566945152400,AVIV ,1779970626328x834670130159681500,Moved to ATS,Offsite,Mikhail Kuzmin,Sequence,
2026-08-25 16:12:13.163,1787674225355x642045642195375100,1787674337655x137834977458983760,AVIV ,1779970626328x834670130159681500,Offer,Offer,Mikhail Kuzmin,Sequence,
2026-08-25 16:12:13.163,1787674225355x642045642195375100,1787674335921x547121272404020000,AVIV ,1779970626328x834670130159681500,Onsite,Final Interview,Mikhail Kuzmin,Sequence,
2026-08-25 16:12:13.163,1787674225355x642045642195375100,1787674333571x629208059646788900,AVIV ,1779970626328x834670130159681500,Positive response,Positive Response,Mikhail Kuzmin,Sequence,
2026-08-25 16:12:13.163,1787674225355x642045642195375100,1787674335220x772598017722835700,AVIV ,1779970626328x834670130159681500,Recruiter Screen,Recruiter Screen,Mikhail Kuzmin,Sequence,
2026-08-25 16:12:13.179,1787674224606x534452564902778700,1787674339147x104375108746479260,AVIV ,1779970626328x834670130159681500,,,Mikhail Kuzmin,Sequence,
2026-08-25 16:12:13.179,1787674224606x534452564902778700,1787674339630x347949248177873400,AVIV ,1779970626328x834670130159681500,,,Mikhail Kuzmin,Sequence,
2026-08-25 16:12:13.179,1787674224606x534452564902778700,1787674338709x115658864188169950,AVIV ,1779970626328x834670130159681500,Hired,Hired,Mikhail Kuzmin,Sequence,
2026-08-25 16:12:13.179,1787674224606x534452564902778700,1787674337673x957892065773258100,AVIV ,1779970626328x834670130159681500,Moved to ATS,Offsite,Mikhail Kuzmin,Sequence,
2026-08-25 16:12:13.179,1787674224606x534452564902778700,1787674338477x549663495514645570,AVIV ,1779970626328x834670130159681500,Offer,Offer,Mikhail Kuzmin,Sequence,
2026-08-25 16:12:13.179,1787674224606x534452564902778700,1787674338160x261156866182750120,AVIV ,1779970626328x834670130159681500,Onsite,Final Interview,Mikhail Kuzmin,Sequence,
2026-08-25 16:12:13.179,1787674224606x534452564902778700,1787674334822x623177810657521000,AVIV ,1779970626328x834670130159681500,Positive response,Positive Response,Mikhail Kuzmin,Sequence,
2026-08-25 16:12:13.179,1787674224606x534452564902778700,1787674337265x240040095670570400,AVIV ,1779970626328x834670130159681500,Recruiter Screen,Recruiter Screen,Mikhail Kuzmin,Sequence,
2026-08-25 16:12:13.224,1787674223908x188004733824204800,1787674338727x889953758153141400,AVIV ,1779970626328x834670130159681500,,,Mikhail Kuzmin,Sequence,
2026-08-25 16:12:13.224,1787674223908x188004733824204800,1787674339079x608318146391158700,AVIV ,1779970626328x834670130159681500,,,Mikhail Kuzmin,Sequence,
2026-08-25 16:12:13.224,1787674223908x188004733824204800,1787674338445x888778168971556000,AVIV ,1779970626328x834670130159681500,Hired,Hired,Mikhail Kuzmin,Sequence,
2026-08-25 16:12:13.224,1787674223908x188004733824204800,1787674337252x115317822976390480,AVIV ,1779970626328x834670130159681500,Moved to ATS,Offsite,Mikhail Kuzmin,Sequence,
2026-08-25 16:12:13.224,1787674223908x188004733824204800,1787674338108x744050066972533600,AVIV ,1779970626328x834670130159681500,Offer,Offer,Mikhail Kuzmin,Sequence,
2026-08-25 16:12:13.224,1787674223908x188004733824204800,1787674337734x836878458987288200,AVIV ,1779970626328x834670130159681500,Onsite,Final Interview,Mikhail Kuzmin,Sequence,
2026-08-25 16:12:13.224,1787674223908x188004733824204800,1787674334761x835609811801112800,AVIV ,1779970626328x834670130159681500,Positive response,Positive Response,Mikhail Kuzmin,Sequence,
2026-08-25 16:12:13.224,1787674223908x188004733824204800,1787674336824x926530758091722100,AVIV ,1779970626328x834670130159681500,Recruiter Screen,Recruiter Screen,Mikhail Kuzmin,Sequence,
2026-08-25 16:12:13.425,1787674223101x282044731387322430,1787674337760x299151663907180900,AVIV ,1779970626328x834670130159681500,,,Mikhail Kuzmin,Sequence,
2026-08-25 16:12:13.425,1787674223101x282044731387322430,1787674337413x215131607987675300,AVIV ,1779970626328x834670130159681500,,,Mikhail Kuzmin,Sequence,
2026-08-25 16:12:13.425,1787674223101x282044731387322430,1787674337028x555869817927711040,AVIV ,1779970626328x834670130159681500,Hired,Hired,Mikhail Kuzmin,Sequence,
2026-08-25 16:12:13.425,1787674223101x282044731387322430,1787674335913x488854415078767500,AVIV ,1779970626328x834670130159681500,Moved to ATS,Offsite,Mikhail Kuzmin,Sequence,
2026-08-25 16:12:13.425,1787674223101x282044731387322430,1787674336698x441659059580932200,AVIV ,1779970626328x834670130159681500,Offer,Offer,Mikhail Kuzmin,Sequence,
2026-08-25 16:12:13.425,1787674223101x282044731387322430,1787674336399x761447414860167800,AVIV ,1779970626328x834670130159681500,Onsite,Final Interview,Mikhail Kuzmin,Sequence,
2026-08-25 16:12:13.425,1787674223101x282044731387322430,1787674334962x253549065177393060,AVIV ,1779970626328x834670130159681500,Positive response,Positive Response,Mikhail Kuzmin,Sequence,
2026-08-25 16:12:13.425,1787674223101x282044731387322430,1787674335392x177355583005079700,AVIV ,1779970626328x834670130159681500,Recruiter Screen,Recruiter Screen,Mikhail Kuzmin,Sequence,
2026-08-25 16:12:13.569,1787674222381x614934099691162300,1787674338274x478937813758801860,AVIV ,1779970626328x834670130159681500,,,Mikhail Kuzmin,Sequence,
2026-08-25 16:12:13.569,1787674222381x614934099691162300,1787674338670x895628188767309800,AVIV ,1779970626328x834670130159681500,,,Mikhail Kuzmin,Sequence,
2026-08-25 16:12:13.569,1787674222381x614934099691162300,1787674337422x343215965072956500,AVIV ,1779970626328x834670130159681500,Hired,Hired,Mikhail Kuzmin,Sequence,
